LinkID,PositionX (m),PositionY (m),PositionZ (m)
AUTO_000001,-456.482,996.294,0.400
AUTO_000002,-457.056,997.074,0.585
AUTO_000003,-456.193,996.881,0.231
AUTO_000004,-456.659,997.633,0.078
AUTO_000005,-455.590,998.093,-0.054
AUTO_000006,-456.588,998.723,0.773
AUTO_000007,-456.407,1000.262,0.043
AUTO_000008,-456.904,1001.564,0.411
AUTO_000009,-456.545,1002.522,0.510
AUTO_000010,-457.200,1003.153,0.006
AUTO_000011,-456.365,1003.950,0.548
AUTO_000012,-456.605,1005.633,0.411
AUTO_000013,-456.593,1006.656,0.323
AUTO_000014,-456.686,1007.843,0.241
AUTO_000015,-456.461,1009.061,-0.116
AUTO_000016,-456.467,1010.280,0.540
AUTO_000017,-456.341,1011.381,-0.102
AUTO_000018,-456.236,1012.958,-0.021
AUTO_000019,-455.983,1014.397,0.179
AUTO_000020,-456.759,1015.062,0.412
AUTO_000021,-456.239,1016.200,0.242
AUTO_000022,-456.090,1017.235,0.487
AUTO_000023,-456.636,1018.069,0.459
AUTO_000024,-456.417,1018.881,0.646
AUTO_000025,-456.657,1020.471,0.297
AUTO_000026,-455.911,1021.399,0.469
AUTO_000027,-456.281,1022.680,0.558
AUTO_000028,-456.505,1023.668,0.347
AUTO_000029,-456.067,1024.973,0.179
AUTO_000030,-456.215,1026.384,0.193
AUTO_000031,-455.935,1027.512,0.001
AUTO_000032,-456.116,1028.617,-0.387
AUTO_000033,-456.113,1029.899,0.018
AUTO_000034,-455.476,1030.995,-0.405
AUTO_000035,-456.297,1031.243,-0.029
AUTO_000036,-456.665,1032.279,0.134
AUTO_000037,-456.617,1033.281,0.493
AUTO_000038,-456.173,1034.338,0.074
AUTO_000039,-456.059,1035.760,-0.144
AUTO_000040,-456.202,1036.892,0.036
AUTO_000041,-455.962,1038.473,0.499
AUTO_000042,-455.827,1039.624,0.227
AUTO_000043,-456.666,1040.676,-0.168
AUTO_000044,-456.456,1041.637,0.033
AUTO_000045,-456.221,1043.031,0.252
AUTO_000046,-456.284,1044.107,0.109
AUTO_000047,-455.772,1045.122,0.050
AUTO_000048,-456.579,1045.431,-0.543
AUTO_000049,-456.240,1046.346,0.484
AUTO_000050,-455.942,1047.330,0.600
AUTO_000051,-455.941,1048.628,0.182
AUTO_000052,-455.578,1049.585,0.139
AUTO_000053,-456.177,1051.672,0.543
AUTO_000054,-456.376,1052.750,0.245
AUTO_000055,-455.981,1054.654,-0.122
AUTO_000056,-456.491,1056.026,0.183
AUTO_000057,-456.870,1057.597,0.086
AUTO_000058,-456.346,1060.071,0.308
AUTO_000059,-456.441,1061.171,-0.208
AUTO_000060,-456.359,1062.895,-0.082
AUTO_000061,-456.540,1063.922,-0.119
AUTO_000062,-456.576,1065.106,0.542
AUTO_000063,-456.323,1067.444,-0.104
AUTO_000064,-456.544,1068.579,0.117
AUTO_000065,-456.326,1070.745,0.422
AUTO_000066,-457.077,1072.606,0.128
AUTO_000067,-456.064,1073.455,0.068
AUTO_000068,-456.357,1075.125,0.449
AUTO_000069,-457.141,1075.917,0.317
AUTO_000070,-456.629,1077.765,0.471
AUTO_000071,-456.731,1079.575,-0.156
AUTO_000072,-456.209,1081.407,0.591
AUTO_000073,-456.748,1083.720,0.099
AUTO_000074,-456.220,1085.384,-0.185
AUTO_000075,-456.087,1087.110,0.256
AUTO_000076,-457.146,1087.454,0.125
AUTO_000077,-456.742,1089.298,0.291
AUTO_000078,-456.767,1090.942,0.344
AUTO_000079,-457.108,1092.380,0.491
AUTO_000080,-456.473,1093.452,0.249
AUTO_000081,-457.042,1094.791,-0.421
AUTO_000082,-456.369,1096.948,-0.241
AUTO_000083,-456.720,1098.181,0.177
AUTO_000084,-456.945,1101.364,0.183
AUTO_000085,-456.369,1103.119,0.258
AUTO_000086,-457.369,1104.661,-0.142
AUTO_000087,-456.245,1104.924,-0.090
AUTO_000088,-456.824,1106.496,0.382
AUTO_000089,-456.460,1107.779,-0.252
AUTO_000090,-456.486,1109.520,-0.243
AUTO_000091,-456.327,1110.748,0.371
AUTO_000092,-456.746,1111.604,-0.149
AUTO_000093,-456.691,1112.943,0.549
AUTO_000094,-456.776,1114.328,0.090
AUTO_000095,-456.578,1116.731,1.024
AUTO_000096,-456.779,1118.163,0.231
AUTO_000097,-456.679,1119.774,0.360
AUTO_000098,-457.081,1121.977,0.094
AUTO_000099,-456.624,1123.199,0.456
AUTO_000100,-456.234,1125.218,-0.053
AUTO_000101,-456.736,1128.121,-0.349
AUTO_000102,-456.889,1130.855,0.461
AUTO_000103,-456.580,1131.974,0.793
AUTO_000104,-456.799,1133.829,0.435
AUTO_000105,-456.806,1134.644,0.451
AUTO_000106,-456.431,1136.664,0.624
AUTO_000107,-456.662,1137.993,0.018
AUTO_000108,-456.632,1139.505,0.148
AUTO_000109,-457.133,1140.598,0.220
AUTO_000110,-457.007,1141.839,0.042
AUTO_000111,-456.737,1143.223,-0.007
AUTO_000112,-457.126,1144.959,-0.003
AUTO_000113,-457.475,1146.406,1.021
AUTO_000114,-457.492,1147.288,0.287
AUTO_000115,-456.689,1149.165,0.413
AUTO_000116,-456.843,1151.228,-0.071
AUTO_000117,-456.994,1154.075,0.886
AUTO_000118,-456.971,1155.299,0.677
AUTO_000119,-456.788,1156.863,0.511
AUTO_000120,-457.720,1158.847,0.028
AUTO_000121,-456.697,1160.107,-0.043
AUTO_000122,-457.405,1163.323,-0.088
AUTO_000123,-456.973,1164.266,0.323
AUTO_000124,-456.461,1165.471,0.395
AUTO_000125,-457.004,1167.357,0.184
AUTO_000126,-457.362,1168.514,0.444
AUTO_000127,-456.788,1170.287,0.597
AUTO_000128,-456.739,1171.293,0.290
AUTO_000129,-457.563,1174.186,0.187
AUTO_000130,-457.379,1176.653,0.438
AUTO_000131,-456.653,1178.412,-0.336
AUTO_000132,-457.253,1180.341,0.260
AUTO_000133,-456.963,1181.877,0.261
AUTO_000134,-456.554,1183.623,-0.025
AUTO_000135,-457.314,1184.519,0.181
AUTO_000136,-456.821,1187.253,0.004
AUTO_000137,-456.563,1188.251,0.594
AUTO_000138,-456.982,1190.991,0.255
AUTO_000139,-456.595,1192.107,0.326
AUTO_000140,-457.295,1194.151,-0.162
AUTO_000141,-456.863,1194.972,0.652
AUTO_000142,-457.533,1197.855,0.093
AUTO_000143,-457.065,1199.097,0.351
AUTO_000144,-457.274,1201.821,-0.149
AUTO_000145,-457.200,1203.484,0.741
AUTO_000146,-456.896,1204.887,0.343
AUTO_000147,-456.628,1206.621,0.450
AUTO_000148,-457.046,1208.658,0.282
AUTO_000149,-457.242,1210.554,0.112
AUTO_000150,-456.739,1211.695,0.437
AUTO_000151,-457.329,1213.211,-0.439
AUTO_000152,-457.424,1215.501,-0.022
AUTO_000153,-457.225,1217.339,0.132
AUTO_000154,-457.297,1219.924,0.592
AUTO_000155,-457.397,1220.870,0.516
AUTO_000156,-457.533,1222.630,0.406
AUTO_000157,-457.138,1224.143,0.171
AUTO_000158,-457.589,1226.302,0.566
AUTO_000159,-457.417,1228.094,0.388
AUTO_000160,-457.504,1231.702,0.189
AUTO_000161,-457.462,1233.543,-0.271
AUTO_000162,-457.480,1235.158,-0.034
AUTO_000163,-457.405,1238.378,-0.160
AUTO_000164,-457.640,1241.510,0.441
AUTO_000165,-457.751,1243.974,0.309
AUTO_000166,-457.794,1245.667,0.067
AUTO_000167,-457.780,1246.959,0.175
AUTO_000168,-457.878,1249.477,0.703
AUTO_000169,-457.824,1252.513,0.560
AUTO_000170,-457.621,1255.419,-0.034
AUTO_000171,-457.259,1257.417,-0.164
AUTO_000172,-457.276,1258.555,-0.215
AUTO_000173,-457.315,1260.847,0.263
AUTO_000174,-457.711,1262.618,0.421
AUTO_000175,-457.543,1264.910,0.137
AUTO_000176,-458.202,1266.807,0.433
AUTO_000177,-457.365,1269.535,0.409
AUTO_000178,-458.207,1271.043,0.601
AUTO_000179,-457.129,1273.000,0.625
AUTO_000180,-457.618,1275.313,0.085
AUTO_000181,-458.254,1277.189,0.070
AUTO_000182,-458.061,1279.788,0.372
AUTO_000183,-457.684,1281.295,0.307
AUTO_000184,-458.048,1283.525,-0.009
AUTO_000185,-457.896,1286.870,0.384
AUTO_000186,-458.080,1290.439,-0.076
AUTO_000187,-458.276,1291.713,0.173
AUTO_000188,-458.010,1295.009,0.272
AUTO_000189,-457.963,1296.478,0.340
AUTO_000190,-457.439,1298.779,0.610
AUTO_000191,-457.977,1300.897,0.163
AUTO_000192,-458.001,1302.846,-0.128
AUTO_000193,-458.380,1305.526,-0.048
AUTO_000194,-458.486,1307.460,0.588
AUTO_000195,-457.607,1309.550,-0.156
AUTO_000196,-458.390,1312.708,0.281
AUTO_000197,-458.077,1314.399,-0.097
AUTO_000198,-457.840,1316.680,0.134
AUTO_000199,-458.102,1318.867,-0.134
AUTO_000200,-458.377,1321.733,0.868
AUTO_000201,-458.294,1323.395,0.589
AUTO_000202,-457.912,1325.654,0.568
AUTO_000203,-457.960,1328.165,-0.130
AUTO_000204,-457.952,1329.259,0.427
AUTO_000205,-458.302,1333.025,-0.299
AUTO_000206,-458.262,1334.252,0.268
AUTO_000207,-457.683,1336.642,0.216
AUTO_000208,-457.819,1339.377,0.111
AUTO_000209,-457.835,1340.959,0.082
AUTO_000210,-457.949,1344.393,-0.158
AUTO_000211,-458.441,1345.298,0.663
AUTO_000212,-457.777,1348.447,0.330
AUTO_000213,-457.968,1349.896,0.650
AUTO_000214,-458.393,1353.408,0.061
AUTO_000215,-458.233,1355.299,-0.154
AUTO_000216,-458.305,1358.113,-0.198
AUTO_000217,-458.062,1360.916,-0.048
AUTO_000218,-458.392,1363.113,-0.015
AUTO_000219,-458.182,1365.272,0.889
AUTO_000220,-458.400,1367.546,0.271
AUTO_000221,-458.760,1369.510,0.154
AUTO_000222,-458.976,1372.448,0.514
AUTO_000223,-458.499,1374.414,0.402
AUTO_000224,-457.870,1376.370,0.054
AUTO_000225,-458.498,1378.900,0.098
AUTO_000226,-458.643,1381.656,0.189
AUTO_000227,-458.361,1384.291,0.552
AUTO_000228,-458.734,1386.387,-0.259
AUTO_000229,-458.280,1387.341,-0.345
AUTO_000230,-458.588,1391.439,-0.060
AUTO_000231,-458.210,1393.065,-0.065
AUTO_000232,-458.611,1395.064,0.570
AUTO_000233,-458.671,1398.486,0.425
AUTO_000234,-458.696,1399.958,-0.165
AUTO_000235,-459.064,1402.642,0.142
AUTO_000236,-458.547,1403.284,0.710
AUTO_000237,-458.950,1407.087,0.551
AUTO_000238,-458.056,1409.253,0.621
AUTO_000239,-458.941,1412.146,0.038
AUTO_000240,-458.123,1414.071,0.251
AUTO_000241,-458.986,1416.399,0.356
AUTO_000242,-458.701,1418.367,0.145
AUTO_000243,-459.134,1420.858,0.479
AUTO_000244,-458.704,1423.536,-0.169
AUTO_000245,-459.078,1425.962,0.162
AUTO_000246,-459.074,1428.158,0.510
AUTO_000247,-459.051,1430.644,0.554
AUTO_000248,-459.263,1432.800,0.150
AUTO_000249,-459.300,1435.551,0.230
AUTO_000250,-459.197,1438.152,0.408
AUTO_000251,-459.300,1439.923,0.454
AUTO_000252,-458.820,1442.991,0.436
AUTO_000253,-458.855,1445.698,0.085
AUTO_000254,-458.697,1447.746,-0.105
AUTO_000255,-459.406,1450.063,0.138
AUTO_000256,-459.164,1452.715,0.200
AUTO_000257,-459.081,1455.261,0.207
AUTO_000258,-458.611,1456.381,0.540
AUTO_000259,-459.132,1459.568,0.456
AUTO_000260,-458.935,1462.517,0.255
AUTO_000261,-458.548,1464.731,0.516
AUTO_000262,-459.180,1467.104,0.728
AUTO_000263,-459.252,1469.833,-0.047
AUTO_000264,-458.863,1471.850,0.226
AUTO_000265,-458.884,1475.339,-0.282
AUTO_000266,-458.722,1477.680,0.215
AUTO_000267,-459.024,1480.825,0.365
AUTO_000268,-458.646,1482.619,0.093
AUTO_000269,-458.803,1484.830,0.496
AUTO_000270,-458.714,1487.653,0.289
AUTO_000271,-458.990,1489.670,0.167
AUTO_000272,-459.027,1492.653,0.238
AUTO_000273,-459.420,1494.855,0.409
AUTO_000274,-458.952,1497.711,0.501
AUTO_000275,-459.113,1500.266,0.496
AUTO_000276,-458.619,1503.097,0.549
AUTO_000277,-459.040,1504.966,0.134
AUTO_000278,-458.974,1507.803,0.775
AUTO_000279,-459.154,1511.048,0.368
AUTO_000280,-459.156,1512.925,0.858
AUTO_000281,-458.918,1515.865,0.543
AUTO_000282,-459.291,1518.427,0.466
AUTO_000283,-459.355,1520.515,0.215
AUTO_000284,-458.526,1523.174,0.308
AUTO_000285,-459.218,1526.276,0.273
AUTO_000286,-459.198,1528.002,0.465
AUTO_000287,-459.220,1530.485,0.642
AUTO_000288,-458.675,1533.336,0.962
AUTO_000289,-459.161,1535.481,0.784
AUTO_000290,-458.871,1538.696,0.194
AUTO_000291,-458.751,1540.933,0.258
AUTO_000292,-459.139,1543.932,-0.066
AUTO_000293,-459.098,1545.756,0.591
AUTO_000294,-459.157,1548.929,0.413
AUTO_000295,-458.519,1551.707,0.773
AUTO_000296,-459.331,1554.299,0.007
AUTO_000297,-459.294,1556.844,0.062
AUTO_000298,-458.524,1558.879,0.385
AUTO_000299,-458.941,1561.801,0.637
AUTO_000300,-459.396,1564.260,0.603
AUTO_000301,-459.329,1566.962,0.337
AUTO_000302,-459.389,1569.208,0.196
AUTO_000303,-459.244,1571.801,0.312
AUTO_000304,-459.385,1574.331,0.141
AUTO_000305,-459.239,1577.137,0.185
AUTO_000306,-459.498,1579.987,0.329
AUTO_000307,-459.734,1582.168,0.145
AUTO_000308,-459.751,1585.409,-0.084
AUTO_000309,-459.823,1586.913,0.828
AUTO_000310,-458.751,1589.702,0.445
AUTO_000311,-459.847,1592.155,0.139
AUTO_000312,-459.769,1594.960,-0.084
AUTO_000313,-459.537,1597.412,0.857
AUTO_000314,-459.340,1599.491,0.659
AUTO_000315,-459.653,1602.778,0.318
AUTO_000316,-459.573,1604.573,-0.140
AUTO_000317,-459.621,1607.371,-0.075
AUTO_000318,-459.732,1609.947,-0.052
AUTO_000319,-459.568,1612.261,0.102
AUTO_000320,-458.985,1614.041,-0.186
AUTO_000321,-459.192,1616.840,0.346
AUTO_000322,-459.081,1620.885,0.547
AUTO_000323,-458.776,1622.126,0.018
AUTO_000324,-458.989,1624.730,0.267
AUTO_000325,-459.084,1627.067,0.421
AUTO_000326,-459.269,1629.720,0.365
AUTO_000327,-459.304,1632.585,0.049
AUTO_000328,-459.777,1634.555,0.255
AUTO_000329,-458.924,1637.188,0.547
AUTO_000330,-459.396,1640.364,-0.080
AUTO_000331,-459.152,1641.974,0.454
AUTO_000332,-458.981,1644.536,0.126
AUTO_000333,-459.192,1648.016,-0.027
AUTO_000334,-458.955,1649.696,0.450
AUTO_000335,-459.174,1652.098,0.970
AUTO_000336,-459.413,1655.620,-0.452
AUTO_000337,-458.970,1657.857,-0.314
AUTO_000338,-458.645,1660.856,0.837
AUTO_000339,-459.159,1662.897,0.472
AUTO_000340,-458.489,1665.733,0.516
AUTO_000341,-458.835,1668.249,0.657
AUTO_000342,-458.143,1671.031,0.018
AUTO_000343,-458.554,1673.275,0.176
AUTO_000344,-459.204,1676.059,0.590
AUTO_000345,-458.632,1677.276,0.383
AUTO_000346,-458.700,1680.917,0.059
AUTO_000347,-458.520,1683.371,0.119
AUTO_000348,-458.224,1685.748,0.629
AUTO_000349,-458.231,1689.294,0.410
AUTO_000350,-458.281,1690.991,0.521
AUTO_000351,-458.819,1693.966,0.364
AUTO_000352,-458.838,1696.131,0.681
AUTO_000353,-458.574,1698.734,0.305
AUTO_000354,-458.814,1701.499,0.627
AUTO_000355,-458.350,1704.664,0.637
AUTO_000356,-458.296,1706.997,0.448
AUTO_000357,-458.024,1708.073,0.000
AUTO_000358,-458.217,1712.533,0.666
AUTO_000359,-457.960,1714.065,0.690
AUTO_000360,-457.820,1716.519,0.965
AUTO_000361,-457.573,1719.528,0.762
AUTO_000362,-457.163,1722.376,0.685
AUTO_000363,-458.074,1724.087,0.548
AUTO_000364,-457.088,1727.361,0.401
AUTO_000365,-457.108,1728.240,0.501
AUTO_000366,-457.039,1732.380,0.458
AUTO_000367,-457.265,1733.367,0.648
AUTO_000368,-456.733,1737.462,0.564
AUTO_000369,-456.639,1740.693,0.636
AUTO_000370,-456.698,1742.806,0.399
AUTO_000371,-456.654,1744.455,0.439
AUTO_000372,-456.002,1748.264,-0.030
AUTO_000373,-456.103,1749.388,0.277
AUTO_000374,-455.863,1752.537,0.664
AUTO_000375,-456.246,1753.910,-0.236
AUTO_000376,-456.243,1757.372,0.581
AUTO_000377,-455.697,1759.086,0.613
AUTO_000378,-455.052,1762.852,0.829
AUTO_000379,-455.107,1764.416,0.386
AUTO_000380,-454.498,1767.452,1.223
AUTO_000381,-454.792,1769.615,0.873
AUTO_000382,-454.125,1772.820,0.934
AUTO_000383,-453.635,1775.301,0.257
AUTO_000384,-453.578,1778.874,0.240
AUTO_000385,-453.703,1783.510,0.371
AUTO_000386,-453.054,1784.740,0.690
AUTO_000387,-452.784,1788.261,1.267
AUTO_000388,-452.625,1789.398,0.657
AUTO_000389,-452.210,1793.922,0.712
AUTO_000390,-451.595,1796.017,0.492
AUTO_000391,-451.248,1797.946,0.808
AUTO_000392,-451.239,1800.279,0.335
AUTO_000393,-450.852,1803.499,0.790
AUTO_000394,-450.458,1806.116,0.791
AUTO_000395,-449.846,1807.916,0.916
AUTO_000396,-449.554,1811.056,0.823
AUTO_000397,-449.166,1813.707,0.519
AUTO_000398,-448.230,1815.613,0.637
AUTO_000399,-448.449,1818.131,0.264
AUTO_000400,-447.993,1820.161,0.646
AUTO_000401,-447.565,1823.002,1.087
AUTO_000402,-447.124,1825.406,1.012
AUTO_000403,-446.365,1828.630,0.379
AUTO_000404,-444.935,1833.169,1.219
AUTO_000405,-445.012,1834.027,0.597
AUTO_000406,-444.190,1838.017,0.545
AUTO_000407,-443.740,1840.284,1.229
AUTO_000408,-443.048,1842.553,1.092
AUTO_000409,-442.159,1844.851,1.469
AUTO_000410,-442.655,1847.266,1.351
AUTO_000411,-441.862,1849.573,0.383
AUTO_000412,-440.423,1852.492,0.492
AUTO_000413,-440.982,1853.466,0.654
AUTO_000414,-439.913,1857.130,0.958
AUTO_000415,-439.341,1858.778,1.006
AUTO_000416,-438.715,1861.975,1.168
AUTO_000417,-437.550,1863.093,0.948
AUTO_000418,-436.550,1865.902,0.377
AUTO_000419,-436.211,1868.787,0.716
AUTO_000420,-435.850,1870.249,0.943
AUTO_000421,-434.927,1872.565,1.541
AUTO_000422,-434.033,1874.599,0.206
AUTO_000423,-433.520,1877.305,0.877
AUTO_000424,-432.580,1879.588,1.285
AUTO_000425,-432.095,1881.935,1.494
AUTO_000426,-431.336,1883.844,0.555
AUTO_000427,-430.220,1886.892,0.744
AUTO_000428,-429.906,1889.157,1.064
AUTO_000429,-428.325,1891.294,1.067
AUTO_000430,-427.316,1894.083,0.786
AUTO_000431,-426.832,1896.613,1.493
AUTO_000432,-425.988,1898.273,1.155
AUTO_000433,-425.186,1900.486,1.215
AUTO_000434,-424.565,1902.853,1.218
AUTO_000435,-423.684,1904.873,1.069
AUTO_000436,-421.943,1908.108,1.219
AUTO_000437,-421.389,1910.553,0.548
AUTO_000438,-420.440,1912.454,1.102
AUTO_000439,-419.285,1915.259,1.272
AUTO_000440,-418.593,1916.832,0.715
AUTO_000441,-416.997,1919.576,1.062
AUTO_000442,-415.847,1921.687,1.017
AUTO_000443,-415.799,1923.911,1.285
AUTO_000444,-414.499,1926.145,0.671
AUTO_000445,-412.588,1928.684,0.995
AUTO_000446,-410.977,1930.731,1.163
AUTO_000447,-410.267,1932.750,1.817
AUTO_000448,-409.296,1935.231,0.883
AUTO_000449,-408.104,1937.698,1.115
AUTO_000450,-406.835,1938.492,1.086
AUTO_000451,-405.171,1942.279,0.393
AUTO_000452,-403.545,1944.395,0.977
AUTO_000453,-403.088,1946.108,1.148
AUTO_000454,-401.390,1948.792,0.929
AUTO_000455,-399.852,1950.755,0.878
AUTO_000456,-399.436,1952.134,1.071
AUTO_000457,-396.861,1955.550,0.558
AUTO_000458,-396.148,1957.734,1.622
AUTO_000459,-393.862,1960.160,1.315
AUTO_000460,-393.130,1961.839,0.906
AUTO_000461,-391.263,1964.311,1.004
AUTO_000462,-390.384,1966.405,1.267
AUTO_000463,-388.078,1969.327,1.081
AUTO_000464,-385.813,1972.632,1.231
AUTO_000465,-382.464,1977.025,0.579
AUTO_000466,-380.989,1979.084,1.009
AUTO_000467,-379.620,1980.564,0.882
AUTO_000468,-378.431,1982.774,0.788
AUTO_000469,-377.025,1984.769,1.697
AUTO_000470,-374.272,1987.019,0.749
AUTO_000471,-373.722,1988.096,0.855
AUTO_000472,-371.931,1989.828,0.638
AUTO_000473,-369.226,1993.143,0.687
AUTO_000474,-368.290,1994.276,0.574
AUTO_000475,-366.351,1996.836,0.920
AUTO_000476,-364.865,1998.425,0.804
AUTO_000477,-363.024,2001.031,1.086
AUTO_000478,-361.226,2001.251,0.894
AUTO_000479,-359.265,2004.503,1.234
AUTO_000480,-358.108,2005.660,0.685
AUTO_000481,-356.553,2009.098,0.890
AUTO_000482,-352.905,2012.182,1.000
AUTO_000483,-352.302,2013.393,0.810
AUTO_000484,-349.394,2015.474,1.151
AUTO_000485,-347.515,2017.126,0.745
AUTO_000486,-345.527,2019.221,0.850
AUTO_000487,-344.387,2020.558,0.821
AUTO_000488,-342.048,2023.417,0.461
AUTO_000489,-340.529,2024.796,0.896
AUTO_000490,-338.937,2026.336,0.973
AUTO_000491,-336.537,2028.691,1.520
AUTO_000492,-335.028,2029.369,0.891
AUTO_000493,-332.765,2032.086,1.123
AUTO_000494,-331.350,2033.441,0.991
AUTO_000495,-329.032,2035.080,1.335
AUTO_000496,-326.894,2037.078,1.519
AUTO_000497,-324.694,2038.389,0.518
AUTO_000498,-322.736,2039.850,0.660
AUTO_000499,-321.173,2041.502,0.945
AUTO_000500,-318.352,2043.313,1.138
AUTO_000501,-317.415,2044.549,0.313
AUTO_000502,-315.168,2046.267,1.014
AUTO_000503,-313.262,2047.929,0.548
AUTO_000504,-310.265,2050.295,1.018
AUTO_000505,-309.009,2050.827,0.634
AUTO_000506,-306.599,2052.076,1.069
AUTO_000507,-306.119,2053.010,1.124
AUTO_000508,-301.115,2056.266,0.824
AUTO_000509,-299.040,2058.271,1.618
AUTO_000510,-297.013,2059.672,0.832
AUTO_000511,-294.800,2060.257,0.752
AUTO_000512,-292.816,2062.863,0.387
AUTO_000513,-291.286,2063.636,0.846
AUTO_000514,-290.104,2064.833,0.985
AUTO_000515,-286.531,2066.923,1.014
AUTO_000516,-284.981,2067.521,1.455
AUTO_000517,-282.851,2069.632,0.778
AUTO_000518,-280.697,2071.180,0.524
AUTO_000519,-277.950,2072.395,0.928
AUTO_000520,-275.931,2073.807,1.130
AUTO_000521,-274.051,2075.226,1.148
AUTO_000522,-271.286,2075.857,1.135
AUTO_000523,-266.842,2078.873,1.412
AUTO_000524,-264.278,2079.195,0.874
AUTO_000525,-262.176,2080.677,1.161
AUTO_000526,-257.322,2082.920,0.616
AUTO_000527,-256.373,2083.514,1.535
AUTO_000528,-252.977,2085.213,0.945
AUTO_000529,-251.009,2086.105,1.302
AUTO_000530,-248.448,2087.884,0.621
AUTO_000531,-247.457,2087.270,0.750
AUTO_000532,-243.707,2090.349,1.527
AUTO_000533,-241.897,2090.722,0.914
AUTO_000534,-240.426,2091.491,1.111
AUTO_000535,-238.028,2092.785,1.197
AUTO_000536,-234.100,2094.214,1.126
AUTO_000537,-232.757,2094.674,0.510
AUTO_000538,-230.386,2095.539,0.686
AUTO_000539,-227.923,2097.076,0.815
AUTO_000540,-225.581,2097.718,1.089
AUTO_000541,-223.358,2098.430,0.464
AUTO_000542,-220.766,2099.372,0.455
AUTO_000543,-219.141,2100.344,0.745
AUTO_000544,-215.757,2100.736,1.231
AUTO_000545,-212.560,2101.686,0.871
AUTO_000546,-210.888,2101.677,1.064
AUTO_000547,-208.724,2103.135,0.216
AUTO_000548,-206.099,2104.168,0.210
AUTO_000549,-203.816,2105.000,0.713
AUTO_000550,-201.849,2105.947,1.209
AUTO_000551,-198.960,2106.307,0.584
AUTO_000552,-196.561,2107.404,0.311
AUTO_000553,-194.188,2107.969,0.557
AUTO_000554,-191.400,2109.081,1.287
AUTO_000555,-188.423,2109.666,1.186
AUTO_000556,-185.759,2110.463,1.104
AUTO_000557,-183.728,2111.000,1.285
AUTO_000558,-181.137,2111.798,1.127
AUTO_000559,-178.821,2112.577,1.070
AUTO_000560,-177.395,2112.673,0.787
AUTO_000561,-174.226,2113.959,0.945
AUTO_000562,-171.434,2113.797,1.120
AUTO_000563,-168.687,2114.587,0.864
AUTO_000564,-165.964,2115.540,0.906
AUTO_000565,-163.447,2115.600,0.798
AUTO_000566,-161.073,2116.319,1.043
AUTO_000567,-158.298,2116.370,1.306
AUTO_000568,-155.676,2116.510,1.281
AUTO_000569,-152.988,2117.160,0.651
AUTO_000570,-151.249,2117.583,0.976
AUTO_000571,-148.856,2117.698,0.806
AUTO_000572,-146.118,2118.812,0.933
AUTO_000573,-142.617,2118.127,0.714
AUTO_000574,-140.532,2119.014,0.791
AUTO_000575,-138.002,2119.276,0.772
AUTO_000576,-135.676,2119.540,0.750
AUTO_000577,-132.840,2120.028,0.652
AUTO_000578,-130.616,2120.098,1.219
AUTO_000579,-127.512,2120.978,1.013
AUTO_000580,-124.757,2120.981,1.018
AUTO_000581,-121.787,2121.152,0.716
AUTO_000582,-119.631,2121.513,1.101
AUTO_000583,-117.602,2121.382,1.408
AUTO_000584,-114.823,2121.624,1.310
AUTO_000585,-113.204,2121.926,1.080
AUTO_000586,-111.405,2121.921,1.152
AUTO_000587,-107.690,2121.886,1.258
AUTO_000588,-104.370,2122.509,1.148
AUTO_000589,-101.735,2122.244,1.154
AUTO_000590,-99.924,2121.849,1.144
AUTO_000591,-97.232,2122.434,0.932
AUTO_000592,-95.193,2122.508,0.153
AUTO_000593,-92.693,2121.965,1.735
AUTO_000594,-89.975,2121.983,1.094
AUTO_000595,-87.298,2121.989,0.814
AUTO_000596,-84.805,2121.847,1.716
AUTO_000597,-81.559,2121.138,0.906
AUTO_000598,-80.016,2121.539,0.948
AUTO_000599,-77.041,2120.225,0.829
AUTO_000600,-75.201,2121.031,0.811
AUTO_000601,-71.890,2120.650,0.520
AUTO_000602,-69.298,2120.018,0.790
AUTO_000603,-66.695,2120.627,0.496
AUTO_000604,-64.855,2119.458,1.087
AUTO_000605,-61.023,2119.574,0.979
AUTO_000606,-58.967,2119.343,0.775
AUTO_000607,-56.084,2119.573,1.110
AUTO_000608,-53.581,2118.886,0.551
AUTO_000609,-52.501,2118.953,0.634
AUTO_000610,-48.867,2118.343,1.094
AUTO_000611,-47.262,2118.142,0.788
AUTO_000612,-43.873,2117.371,0.444
AUTO_000613,-40.987,2117.037,0.361
AUTO_000614,-38.926,2116.784,0.078
AUTO_000615,-37.053,2116.408,0.667
AUTO_000616,-34.229,2115.989,1.170
AUTO_000617,-30.238,2115.375,1.306
AUTO_000618,-28.749,2114.943,0.469
AUTO_000619,-26.933,2114.793,0.817
AUTO_000620,-24.027,2113.703,0.951
AUTO_000621,-21.678,2113.535,0.610
AUTO_000622,-18.706,2112.737,0.313
AUTO_000623,-17.101,2112.959,0.947
AUTO_000624,-13.836,2111.906,0.452
AUTO_000625,-12.100,2111.211,0.723
AUTO_000626,-8.882,2110.171,0.592
AUTO_000627,-5.810,2109.826,1.199
AUTO_000628,-4.286,2108.791,1.028
AUTO_000629,-1.262,2108.177,0.878
AUTO_000630,0.996,2107.990,0.732
AUTO_000631,3.260,2107.221,1.031
AUTO_000632,5.941,2106.366,0.697
AUTO_000633,8.203,2106.358,1.325
AUTO_000634,10.689,2104.985,0.397
AUTO_000635,13.386,2103.831,0.797
AUTO_000636,15.563,2104.027,0.674
AUTO_000637,19.247,2102.482,0.903
AUTO_000638,20.838,2101.932,0.506
AUTO_000639,23.212,2100.997,0.892
AUTO_000640,25.724,2100.228,0.959
AUTO_000641,28.697,2099.261,0.776
AUTO_000642,30.734,2098.188,0.863
AUTO_000643,32.754,2097.312,1.029
AUTO_000644,35.279,2096.019,0.853
AUTO_000645,37.578,2095.762,0.351
AUTO_000646,39.873,2094.420,0.822
AUTO_000647,42.408,2093.119,1.323
AUTO_000648,45.097,2092.421,1.117
AUTO_000649,47.424,2091.665,0.766
AUTO_000650,49.708,2091.063,0.975
AUTO_000651,52.003,2089.144,0.637
AUTO_000652,54.130,2088.185,1.240
AUTO_000653,56.422,2087.246,0.816
AUTO_000654,58.701,2085.771,1.071
AUTO_000655,61.586,2085.200,0.813
AUTO_000656,63.157,2083.852,0.667
AUTO_000657,65.911,2082.431,1.218
AUTO_000658,68.321,2081.458,1.047
AUTO_000659,69.894,2080.412,0.578
AUTO_000660,72.931,2079.236,1.047
AUTO_000661,75.193,2078.080,0.538
AUTO_000662,77.022,2076.840,1.294
AUTO_000663,78.807,2075.164,0.668
AUTO_000664,81.633,2074.418,0.902
AUTO_000665,84.306,2072.769,1.082
AUTO_000666,86.162,2071.745,0.938
AUTO_000667,88.133,2070.375,0.955
AUTO_000668,90.537,2068.578,0.662
AUTO_000669,92.136,2067.290,1.018
AUTO_000670,94.509,2065.668,0.404
AUTO_000671,97.260,2064.582,0.581
AUTO_000672,99.056,2062.748,0.812
AUTO_000673,100.856,2061.845,0.812
AUTO_000674,103.160,2060.067,0.879
AUTO_000675,105.531,2058.361,0.880
AUTO_000676,107.101,2057.003,0.641
AUTO_000677,109.052,2056.277,0.703
AUTO_000678,112.031,2053.909,0.959
AUTO_000679,114.088,2052.492,0.408
AUTO_000680,116.662,2050.632,1.070
AUTO_000681,118.230,2049.955,0.410
AUTO_000682,120.303,2047.742,1.207
AUTO_000683,122.462,2046.017,0.709
AUTO_000684,123.883,2045.698,0.998
AUTO_000685,126.952,2043.106,1.028
AUTO_000686,128.547,2041.984,1.436
AUTO_000687,129.956,2040.969,0.666
AUTO_000688,132.583,2038.656,0.810
AUTO_000689,134.118,2037.325,1.127
AUTO_000690,136.428,2035.853,0.790
AUTO_000691,138.460,2033.831,0.917
AUTO_000692,140.544,2032.183,1.242
AUTO_000693,142.387,2029.970,1.073
AUTO_000694,144.234,2028.396,0.984
AUTO_000695,146.041,2026.575,0.603
AUTO_000696,147.603,2025.160,1.155
AUTO_000697,149.091,2023.470,0.788
AUTO_000698,151.270,2021.541,1.286
AUTO_000699,153.312,2019.717,0.746
AUTO_000700,155.201,2018.065,0.266
AUTO_000701,156.728,2016.056,0.413
AUTO_000702,158.377,2014.674,1.125
AUTO_000703,159.259,2012.915,0.392
AUTO_000704,162.081,2009.914,0.915
AUTO_000705,163.867,2008.800,1.621
AUTO_000706,165.541,2007.015,0.744
AUTO_000707,167.042,2005.191,0.894
AUTO_000708,168.715,2002.429,1.175
AUTO_000709,170.634,2000.451,0.983
AUTO_000710,172.187,1999.012,1.030
AUTO_000711,173.556,1997.391,0.437
AUTO_000712,175.720,1994.671,1.512
AUTO_000713,177.092,1993.835,0.750
AUTO_000714,178.975,1990.682,1.172
AUTO_000715,180.052,1989.118,0.630
AUTO_000716,182.142,1987.255,0.836
AUTO_000717,183.431,1985.990,0.521
AUTO_000718,185.418,1983.040,0.208
AUTO_000719,186.153,1982.057,1.170
AUTO_000720,188.814,1979.542,0.830
AUTO_000721,189.022,1977.023,0.635
AUTO_000722,191.399,1974.829,0.945
AUTO_000723,192.125,1973.772,1.219
AUTO_000724,194.217,1970.978,0.626
AUTO_000725,195.067,1968.954,0.658
AUTO_000726,196.813,1966.023,0.787
AUTO_000727,197.512,1964.765,0.255
AUTO_000728,199.692,1961.760,1.021
AUTO_000729,200.702,1960.165,0.662
AUTO_000730,202.858,1957.674,0.526
AUTO_000731,203.711,1954.869,0.882
AUTO_000732,204.793,1953.258,1.043
AUTO_000733,206.310,1951.817,0.803
AUTO_000734,208.288,1948.970,0.436
AUTO_000735,208.735,1946.714,0.741
AUTO_000736,210.583,1944.054,0.723
AUTO_000737,211.207,1942.852,0.431
AUTO_000738,213.045,1939.819,1.406
AUTO_000739,214.612,1938.361,0.483
AUTO_000740,215.768,1935.195,0.680
AUTO_000741,216.424,1933.861,0.922
AUTO_000742,218.501,1930.642,0.597
AUTO_000743,219.907,1927.948,0.795
AUTO_000744,220.745,1926.084,0.743
AUTO_000745,222.524,1923.686,0.548
AUTO_000746,222.928,1921.461,0.773
AUTO_000747,224.212,1918.692,0.427
AUTO_000748,225.354,1917.293,1.163
AUTO_000749,226.140,1914.747,0.930
AUTO_000750,228.009,1912.020,1.757
AUTO_000751,228.343,1909.699,0.699
AUTO_000752,229.487,1907.730,1.596
AUTO_000753,230.103,1906.725,0.882
AUTO_000754,230.670,1903.803,1.089
AUTO_000755,232.616,1900.248,1.281
AUTO_000756,234.359,1897.760,0.633
AUTO_000757,234.561,1895.329,1.289
AUTO_000758,236.408,1893.205,1.026
AUTO_000759,236.074,1891.365,1.276
AUTO_000760,237.368,1888.745,1.401
AUTO_000761,237.782,1887.590,0.476
AUTO_000762,239.658,1883.776,0.061
AUTO_000763,239.814,1881.774,1.648
AUTO_000764,240.601,1879.465,0.932
AUTO_000765,241.648,1877.047,1.175
AUTO_000766,242.420,1874.551,0.623
AUTO_000767,243.256,1871.691,0.978
AUTO_000768,243.777,1868.770,0.905
AUTO_000769,244.646,1866.696,1.320
AUTO_000770,245.475,1863.757,1.276
AUTO_000771,245.819,1861.608,0.597
AUTO_000772,246.908,1859.235,0.824
AUTO_000773,247.364,1856.915,1.215
AUTO_000774,247.791,1854.118,0.647
AUTO_000775,249.358,1851.770,1.140
AUTO_000776,249.218,1849.113,0.769
AUTO_000777,250.050,1847.000,1.448
AUTO_000778,250.551,1844.135,1.023
AUTO_000779,250.903,1841.546,0.541
AUTO_000780,251.527,1839.230,0.838
AUTO_000781,251.943,1837.602,0.579
AUTO_000782,252.047,1833.753,0.880
AUTO_000783,253.248,1832.179,0.518
AUTO_000784,252.695,1828.486,0.584
AUTO_000785,254.171,1826.484,0.981
AUTO_000786,254.471,1824.814,0.904
AUTO_000787,254.662,1822.053,0.151
AUTO_000788,254.745,1818.489,0.771
AUTO_000789,254.816,1817.151,0.529
AUTO_000790,255.942,1813.628,0.312
AUTO_000791,255.935,1811.887,0.321
AUTO_000792,256.894,1808.838,0.051
AUTO_000793,256.993,1807.339,0.703
AUTO_000794,257.304,1803.744,0.305
AUTO_000795,257.772,1801.612,0.810
AUTO_000796,258.064,1799.245,0.497
AUTO_000797,258.949,1796.138,0.351
AUTO_000798,259.084,1793.986,1.020
AUTO_000799,259.886,1791.002,-0.032
AUTO_000800,259.735,1788.288,0.698
AUTO_000801,260.047,1786.670,-0.066
AUTO_000802,260.097,1784.619,0.547
AUTO_000803,261.414,1781.354,0.176
AUTO_000804,260.784,1778.125,0.369
AUTO_000805,261.718,1775.979,0.579
AUTO_000806,261.826,1772.902,0.266
AUTO_000807,261.719,1770.062,0.789
AUTO_000808,262.402,1769.514,0.461
AUTO_000809,262.411,1766.405,0.601
AUTO_000810,262.961,1762.947,0.549
AUTO_000811,263.117,1761.928,0.586
AUTO_000812,263.462,1758.284,0.794
AUTO_000813,263.371,1754.407,0.388
AUTO_000814,264.014,1752.750,0.645
AUTO_000815,264.038,1750.427,0.197
AUTO_000816,263.648,1749.212,0.446
AUTO_000817,264.283,1745.768,0.403
AUTO_000818,265.175,1743.016,0.430
AUTO_000819,264.472,1740.957,0.761
AUTO_000820,264.672,1738.400,0.114
AUTO_000821,264.995,1735.304,-0.258
AUTO_000822,264.654,1732.708,0.500
AUTO_000823,264.785,1729.452,0.737
AUTO_000824,265.549,1726.042,0.279
AUTO_000825,265.685,1722.273,0.369
AUTO_000826,265.190,1719.765,1.276
AUTO_000827,265.795,1716.577,0.300
AUTO_000828,265.933,1714.026,0.299
AUTO_000829,266.393,1711.776,0.038
AUTO_000830,265.873,1709.270,0.186
AUTO_000831,266.001,1706.236,0.052
AUTO_000832,266.679,1704.163,0.204
AUTO_000833,266.424,1702.384,0.422
AUTO_000834,266.677,1699.376,0.982
AUTO_000835,266.736,1696.569,0.581
AUTO_000836,266.801,1694.297,0.472
AUTO_000837,266.783,1692.049,0.185
AUTO_000838,267.046,1690.397,0.301
AUTO_000839,266.582,1686.799,0.402
AUTO_000840,267.433,1683.544,0.509
AUTO_000841,267.423,1680.759,0.547
AUTO_000842,266.986,1678.589,0.655
AUTO_000843,267.679,1676.138,0.385
AUTO_000844,267.644,1674.477,0.305
AUTO_000845,267.451,1671.186,0.413
AUTO_000846,267.390,1668.707,0.178
AUTO_000847,267.307,1665.219,0.804
AUTO_000848,267.469,1662.933,0.724
AUTO_000849,268.350,1660.909,0.438
AUTO_000850,268.355,1659.084,0.623
AUTO_000851,267.867,1655.845,0.030
AUTO_000852,268.137,1653.561,0.100
AUTO_000853,268.251,1651.083,0.450
AUTO_000854,267.870,1648.494,0.478
AUTO_000855,268.320,1645.915,0.717
AUTO_000856,268.598,1642.871,0.158
AUTO_000857,267.998,1640.661,0.286
AUTO_000858,268.365,1637.459,0.010
AUTO_000859,268.392,1635.380,0.488
AUTO_000860,267.791,1632.417,0.425
AUTO_000861,268.416,1629.045,0.529
AUTO_000862,268.310,1626.911,0.576
AUTO_000863,268.088,1624.040,0.476
AUTO_000864,268.193,1622.418,0.407
AUTO_000865,268.992,1620.698,-0.021
AUTO_000866,268.408,1616.879,0.255
AUTO_000867,268.168,1613.662,0.175
AUTO_000868,268.552,1611.964,0.394
AUTO_000869,268.289,1608.933,0.057
AUTO_000870,268.780,1607.193,0.286
AUTO_000871,268.439,1603.984,-0.054
AUTO_000872,268.894,1602.135,0.745
AUTO_000873,268.832,1598.381,0.198
AUTO_000874,267.944,1596.212,0.713
AUTO_000875,268.751,1593.696,-0.092
AUTO_000876,269.360,1590.909,0.306
AUTO_000877,268.546,1589.825,0.537
AUTO_000878,269.029,1585.922,0.692
AUTO_000879,268.705,1583.215,0.645
AUTO_000880,268.873,1580.694,0.306
AUTO_000881,268.643,1578.484,0.312
AUTO_000882,269.154,1575.582,0.815
AUTO_000883,268.667,1572.773,0.504
AUTO_000884,269.006,1570.914,0.688
AUTO_000885,268.759,1567.055,0.633
AUTO_000886,269.643,1565.531,0.053
AUTO_000887,269.114,1562.493,0.341
AUTO_000888,269.429,1561.618,-0.031
AUTO_000889,268.856,1557.812,0.038
AUTO_000890,269.641,1556.932,-0.323
AUTO_000891,268.912,1552.337,0.669
AUTO_000892,268.908,1550.763,0.001
AUTO_000893,269.404,1548.273,0.613
AUTO_000894,269.312,1545.041,0.197
AUTO_000895,268.817,1541.618,0.343
AUTO_000896,269.317,1540.101,0.563
AUTO_000897,269.084,1536.639,1.020
AUTO_000898,269.421,1535.147,0.354
AUTO_000899,269.086,1532.328,-0.108
AUTO_000900,269.100,1529.833,0.649
AUTO_000901,269.037,1526.568,1.063
AUTO_000902,269.369,1524.894,0.102
AUTO_000903,269.482,1522.055,-0.051
AUTO_000904,269.375,1519.573,0.376
AUTO_000905,269.251,1517.091,0.636
AUTO_000906,269.405,1514.408,0.151
AUTO_000907,269.081,1511.923,0.184
AUTO_000908,270.370,1509.628,0.314
AUTO_000909,269.482,1506.007,0.475
AUTO_000910,269.024,1504.130,-0.131
AUTO_000911,269.968,1501.426,0.714
AUTO_000912,269.234,1498.704,0.196
AUTO_000913,269.747,1496.562,-0.021
AUTO_000914,269.307,1493.813,0.282
AUTO_000915,269.716,1491.180,-0.199
AUTO_000916,269.447,1488.084,0.308
AUTO_000917,269.660,1485.406,0.462
AUTO_000918,269.436,1483.266,0.403
AUTO_000919,270.146,1481.067,-0.143
AUTO_000920,269.905,1478.522,0.271
AUTO_000921,270.250,1476.680,0.922
AUTO_000922,269.943,1472.763,0.412
AUTO_000923,270.129,1470.709,0.333
AUTO_000924,269.827,1467.841,0.321
AUTO_000925,270.022,1465.502,0.216
AUTO_000926,269.949,1463.279,0.203
AUTO_000927,269.498,1459.745,0.218
AUTO_000928,270.235,1458.064,0.608
AUTO_000929,269.224,1454.714,0.292
AUTO_000930,270.103,1452.137,0.829
AUTO_000931,269.585,1450.429,0.276
AUTO_000932,269.414,1447.516,0.105
AUTO_000933,269.925,1445.141,0.212
AUTO_000934,270.078,1441.362,-0.100
AUTO_000935,270.616,1438.927,0.115
AUTO_000936,270.305,1437.616,1.232
AUTO_000937,270.423,1434.883,0.225
AUTO_000938,269.821,1432.326,0.059
AUTO_000939,270.060,1429.453,0.518
AUTO_000940,269.675,1426.322,0.612
AUTO_000941,270.136,1424.134,0.380
AUTO_000942,270.008,1421.487,-0.047
AUTO_000943,270.532,1419.065,0.477
AUTO_000944,270.252,1416.527,-0.110
AUTO_000945,270.187,1414.356,0.601
AUTO_000946,270.534,1411.188,-0.023
AUTO_000947,270.498,1409.144,0.549
AUTO_000948,270.100,1406.401,-0.151
AUTO_000949,270.031,1404.109,0.064
AUTO_000950,270.451,1400.850,-0.091
AUTO_000951,270.770,1398.617,0.190
AUTO_000952,270.483,1396.473,0.216
AUTO_000953,270.233,1393.379,0.330
AUTO_000954,270.133,1390.438,0.400
AUTO_000955,270.286,1388.941,0.230
AUTO_000956,270.198,1385.682,0.566
AUTO_000957,270.175,1383.754,-0.118
AUTO_000958,270.496,1380.836,0.109
AUTO_000959,270.593,1377.316,0.868
AUTO_000960,270.219,1375.488,0.359
AUTO_000961,270.351,1373.254,0.217
AUTO_000962,270.490,1369.326,0.056
AUTO_000963,270.971,1364.771,-0.195
AUTO_000964,270.517,1363.498,-0.341
AUTO_000965,270.469,1360.275,0.267
AUTO_000966,270.325,1358.568,0.034
AUTO_000967,270.416,1354.701,0.041
AUTO_000968,270.559,1349.448,0.363
AUTO_000969,270.074,1348.084,0.475
AUTO_000970,270.128,1344.530,-0.224
AUTO_000971,270.304,1343.232,0.036
AUTO_000972,270.548,1339.350,-0.186
AUTO_000973,271.045,1337.188,0.591
AUTO_000974,270.281,1334.837,0.316
AUTO_000975,270.177,1331.719,-0.367
AUTO_000976,270.555,1328.893,0.146
AUTO_000977,270.636,1327.482,0.117
AUTO_000978,270.221,1324.196,0.123
AUTO_000979,269.832,1322.625,0.243
AUTO_000980,270.343,1319.799,0.589
AUTO_000981,270.275,1317.155,-0.304
AUTO_000982,270.390,1314.064,-0.166
AUTO_000983,270.278,1312.191,0.344
AUTO_000984,270.530,1309.459,0.613
AUTO_000985,270.131,1305.806,-0.081
AUTO_000986,270.285,1303.052,-0.220
AUTO_000987,269.944,1301.252,0.091
AUTO_000988,270.190,1298.514,0.831
AUTO_000989,270.496,1296.214,0.176
AUTO_000990,270.543,1293.094,0.754
AUTO_000991,271.117,1290.280,-0.006
AUTO_000992,270.605,1288.004,0.159
AUTO_000993,270.778,1285.498,0.900
AUTO_000994,270.530,1283.148,0.203
AUTO_000995,270.360,1280.633,-0.101
AUTO_000996,270.942,1277.950,0.951
AUTO_000997,270.220,1275.224,-0.133
AUTO_000998,270.573,1272.876,0.420
AUTO_000999,271.093,1270.221,0.060
AUTO_001000,270.783,1267.563,0.080
AUTO_001001,270.140,1265.766,0.620
AUTO_001002,271.010,1262.029,0.338
AUTO_001003,270.752,1259.511,0.670
AUTO_001004,270.558,1257.532,0.476
AUTO_001005,271.285,1255.403,0.093
AUTO_001006,271.349,1253.476,0.498
AUTO_001007,270.734,1250.309,0.170
AUTO_001008,271.289,1247.366,0.690
AUTO_001009,271.004,1244.572,0.373
AUTO_001010,271.379,1243.211,0.410
AUTO_001011,271.056,1239.473,0.502
AUTO_001012,271.058,1236.473,0.079
AUTO_001013,271.308,1234.193,0.627
AUTO_001014,271.596,1231.943,0.446
AUTO_001015,271.121,1229.588,0.579
AUTO_001016,271.019,1227.498,0.264
AUTO_001017,271.430,1224.947,-0.005
AUTO_001018,271.494,1222.180,0.430
AUTO_001019,271.151,1218.766,0.376
AUTO_001020,271.109,1216.236,0.167
AUTO_001021,270.349,1214.390,0.454
AUTO_001022,271.227,1211.327,0.520
AUTO_001023,271.235,1209.461,0.311
AUTO_001024,271.043,1205.468,-0.166
AUTO_001025,271.170,1203.438,-0.018
AUTO_001026,270.827,1200.679,0.437
AUTO_001027,270.903,1198.553,0.969
AUTO_001028,270.300,1196.549,0.346
AUTO_001029,270.345,1192.565,-0.053
AUTO_001030,271.050,1190.846,0.721
AUTO_001031,270.495,1188.870,0.082
AUTO_001032,269.907,1184.791,0.351
AUTO_001033,270.203,1183.792,0.300
AUTO_001034,270.553,1180.658,0.292
AUTO_001035,271.031,1178.119,0.535
AUTO_001036,270.510,1175.893,0.561
AUTO_001037,270.808,1173.912,-0.102
AUTO_001038,271.047,1170.540,0.634
AUTO_001039,270.597,1168.299,-0.017
AUTO_001040,270.485,1165.479,0.688
AUTO_001041,270.379,1163.823,-0.426
AUTO_001042,270.981,1160.247,0.418
AUTO_001043,270.673,1157.613,0.464
AUTO_001044,270.471,1155.067,0.037
AUTO_001045,271.442,1151.952,0.146
AUTO_001046,270.555,1149.956,0.606
AUTO_001047,270.649,1147.620,0.739
AUTO_001048,270.519,1144.948,0.054
AUTO_001049,271.383,1142.242,0.495
AUTO_001050,270.509,1139.830,0.473
AUTO_001051,270.767,1138.208,0.202
AUTO_001052,271.154,1134.299,-0.370
AUTO_001053,270.696,1132.529,0.420
AUTO_001054,270.527,1129.035,-0.143
AUTO_001055,270.773,1127.059,0.709
AUTO_001056,270.512,1124.499,0.324
AUTO_001057,270.816,1122.203,-0.128
AUTO_001058,270.561,1119.293,0.225
AUTO_001059,271.131,1117.317,0.383
AUTO_001060,271.192,1114.066,-0.028
AUTO_001061,271.173,1112.403,0.786
AUTO_001062,270.935,1109.335,0.395
AUTO_001063,271.190,1106.735,-0.014
AUTO_001064,271.192,1104.110,0.561
AUTO_001065,270.714,1102.295,0.015
AUTO_001066,271.017,1098.921,0.117
AUTO_001067,270.772,1096.235,0.750
AUTO_001068,271.029,1093.314,0.029
AUTO_001069,271.141,1090.430,0.378
AUTO_001070,271.341,1088.667,-0.172
AUTO_001071,270.958,1085.148,0.033
AUTO_001072,271.241,1082.709,0.255
AUTO_001073,271.539,1079.785,0.428
AUTO_001074,270.732,1077.900,0.233
AUTO_001075,271.478,1074.238,0.312
AUTO_001076,271.235,1073.312,-0.044
AUTO_001077,271.612,1069.601,0.372
AUTO_001078,271.429,1067.541,0.174
AUTO_001079,271.419,1064.360,0.555
AUTO_001080,271.525,1062.544,0.441
AUTO_001081,271.824,1059.183,0.418
AUTO_001082,271.235,1057.393,0.680
AUTO_001083,271.423,1054.875,0.382
AUTO_001084,271.454,1051.906,0.326
AUTO_001085,271.812,1049.375,0.031
AUTO_001086,271.148,1046.810,-0.039
AUTO_001087,272.109,1043.789,0.438
AUTO_001088,271.799,1041.745,-0.203
AUTO_001089,272.221,1039.505,0.225
AUTO_001090,272.167,1035.830,0.531
AUTO_001091,271.677,1034.044,0.612
AUTO_001092,271.844,1031.512,-0.049
AUTO_001093,271.204,1029.747,-0.079
AUTO_001094,272.021,1025.533,0.610
AUTO_001095,271.841,1024.313,0.292
AUTO_001096,271.839,1021.489,0.415
AUTO_001097,272.079,1019.317,0.128
AUTO_001098,271.678,1016.531,0.869
AUTO_001099,271.688,1014.365,0.173
AUTO_001100,271.708,1010.518,0.073
AUTO_001101,271.754,1009.258,0.145
AUTO_001102,272.251,1005.720,0.287
AUTO_001103,271.405,1003.165,-0.027
AUTO_001104,272.099,1000.465,0.281
AUTO_001105,272.083,998.849,0.197
AUTO_001106,272.508,995.722,0.244
AUTO_001107,272.188,993.583,-0.073
AUTO_001108,272.412,989.802,0.530
AUTO_001109,271.922,988.481,0.107
AUTO_001110,271.923,985.070,0.747
AUTO_001111,272.074,983.569,0.334
AUTO_001112,272.008,980.012,0.377
AUTO_001113,272.478,977.464,0.384
AUTO_001114,271.990,974.503,0.410
AUTO_001115,272.349,972.905,0.795
AUTO_001116,272.475,970.133,-0.154
AUTO_001117,272.428,967.873,0.131
AUTO_001118,272.803,964.992,0.057
AUTO_001119,272.663,963.109,0.139
AUTO_001120,272.615,959.214,0.718
AUTO_001121,272.824,957.915,1.096
AUTO_001122,272.175,953.740,0.885
AUTO_001123,272.666,952.441,1.105
AUTO_001124,272.538,949.778,0.235
AUTO_001125,272.135,946.892,0.544
AUTO_001126,272.733,944.275,0.169
AUTO_001127,272.434,941.751,0.515
AUTO_001128,272.917,938.689,-0.019
AUTO_001129,272.710,937.173,0.341
AUTO_001130,272.919,933.900,0.308
AUTO_001131,272.533,931.872,0.381
AUTO_001132,272.744,928.434,0.679
AUTO_001133,273.405,926.617,0.197
AUTO_001134,272.997,923.437,0.336
AUTO_001135,273.322,922.143,0.735
AUTO_001136,272.862,919.044,0.504
AUTO_001137,272.452,916.725,0.474
AUTO_001138,272.904,913.970,0.349
AUTO_001139,273.250,911.528,0.619
AUTO_001140,272.676,907.221,0.681
AUTO_001141,273.341,906.380,0.376
AUTO_001142,272.693,902.635,0.509
AUTO_001143,273.189,901.651,0.457
AUTO_001144,273.023,898.392,-0.074
AUTO_001145,272.928,896.517,0.875
AUTO_001146,273.157,893.264,0.537
AUTO_001147,273.288,891.338,0.034
AUTO_001148,273.150,887.726,-0.174
AUTO_001149,273.067,886.050,0.959
AUTO_001150,273.388,882.506,-0.068
AUTO_001151,273.141,879.588,0.156
AUTO_001152,273.089,877.548,0.179
AUTO_001153,273.035,875.728,0.663
AUTO_001154,272.937,872.264,0.680
AUTO_001155,273.353,870.352,0.264
AUTO_001156,273.036,867.249,0.234
AUTO_001157,273.590,864.525,0.207
AUTO_001158,272.815,861.726,0.011
AUTO_001159,273.145,860.782,0.130
AUTO_001160,273.362,856.953,0.032
AUTO_001161,273.301,855.786,0.173
AUTO_001162,273.198,851.761,-0.430
AUTO_001163,272.895,849.522,0.431
AUTO_001164,272.946,846.284,0.007
AUTO_001165,273.311,845.334,0.430
AUTO_001166,273.120,841.999,0.178
AUTO_001167,273.813,840.102,0.015
AUTO_001168,272.778,836.177,0.165
AUTO_001169,273.226,834.386,0.116
AUTO_001170,273.788,831.566,0.399
AUTO_001171,274.148,829.175,0.199
AUTO_001172,273.813,826.445,0.104
AUTO_001173,274.359,823.468,0.055
AUTO_001174,273.362,821.558,-0.083
AUTO_001175,273.298,819.530,0.388
AUTO_001176,273.142,816.208,0.744
AUTO_001177,273.507,813.856,-0.074
AUTO_001178,273.583,811.018,0.741
AUTO_001179,273.527,809.195,0.135
AUTO_001180,273.620,806.027,0.010
AUTO_001181,273.421,802.567,0.200
AUTO_001182,273.418,800.406,0.258
AUTO_001183,274.048,798.380,0.174
AUTO_001184,273.857,795.208,0.095
AUTO_001185,274.248,793.362,0.339
AUTO_001186,273.225,790.104,0.418
AUTO_001187,273.418,788.849,0.462
AUTO_001188,273.433,784.609,1.001
AUTO_001189,273.605,782.791,0.370
AUTO_001190,273.686,780.415,0.663
AUTO_001191,273.342,778.511,0.339
AUTO_001192,273.408,774.950,0.543
AUTO_001193,273.622,773.045,-0.124
AUTO_001194,273.462,769.368,0.238
AUTO_001195,274.005,768.013,0.044
AUTO_001196,273.625,764.758,0.319
AUTO_001197,274.014,762.047,0.190
AUTO_001198,273.672,759.270,-0.161
AUTO_001199,273.625,757.949,-0.001
AUTO_001200,273.471,754.174,-0.148
AUTO_001201,273.408,752.510,0.584
AUTO_001202,273.490,749.681,0.409
AUTO_001203,273.464,747.973,-0.090
AUTO_001204,273.293,744.052,0.614
AUTO_001205,273.310,741.401,0.032
AUTO_001206,273.634,738.925,0.095
AUTO_001207,273.288,737.513,-0.171
AUTO_001208,274.214,733.749,0.766
AUTO_001209,273.149,731.508,0.248
AUTO_001210,273.097,728.827,0.239
AUTO_001211,273.113,727.282,0.002
AUTO_001212,273.195,723.666,-0.003
AUTO_001213,274.079,722.043,-0.290
AUTO_001214,273.643,717.936,0.281
AUTO_001215,273.581,716.002,-0.135
AUTO_001216,273.856,713.395,0.554
AUTO_001217,273.550,711.336,0.343
AUTO_001218,273.805,708.391,-0.004
AUTO_001219,273.585,706.023,0.518
AUTO_001220,273.883,702.859,0.787
AUTO_001221,273.444,700.808,0.257
AUTO_001222,273.873,697.003,-0.012
AUTO_001223,274.458,695.716,0.395
AUTO_001224,273.970,692.020,0.708
AUTO_001225,274.425,689.896,0.048
AUTO_001226,274.491,687.142,-0.028
AUTO_001227,274.236,684.497,0.835
AUTO_001228,273.849,682.222,0.019
AUTO_001229,274.014,680.232,0.208
AUTO_001230,274.157,676.915,0.760
AUTO_001231,273.945,675.030,0.703
AUTO_001232,274.870,671.694,-0.030
AUTO_001233,274.888,670.038,0.211
AUTO_001234,274.224,666.255,0.389
AUTO_001235,274.565,664.305,0.609
AUTO_001236,274.237,660.956,-0.024
AUTO_001237,274.285,659.746,0.438
AUTO_001238,274.553,657.014,-0.163
AUTO_001239,273.970,654.004,0.081
AUTO_001240,273.901,651.608,0.002
AUTO_001241,274.583,649.652,0.630
AUTO_001242,274.417,646.140,0.540
AUTO_001243,273.665,644.405,0.856
AUTO_001244,275.090,641.190,0.189
AUTO_001245,274.578,638.820,0.373
AUTO_001246,273.966,635.702,0.014
AUTO_001247,274.287,634.379,-0.301
AUTO_001248,274.490,630.708,0.180
AUTO_001249,274.231,628.745,0.432
AUTO_001250,273.765,625.821,0.423
AUTO_001251,273.862,623.140,0.048
AUTO_001252,273.604,621.109,0.228
AUTO_001253,274.194,618.689,0.265
AUTO_001254,274.496,615.272,0.363
AUTO_001255,273.919,613.469,0.301
AUTO_001256,273.674,609.572,0.217
AUTO_001257,273.725,607.234,0.784
AUTO_001258,274.023,605.717,0.643
AUTO_001259,273.925,601.673,0.271
AUTO_001260,274.235,599.389,0.691
AUTO_001261,273.898,597.511,0.322
AUTO_001262,274.080,594.844,0.255
AUTO_001263,273.837,592.186,0.464
AUTO_001264,274.233,590.071,-0.229
AUTO_001265,273.842,587.721,0.646
AUTO_001266,273.787,584.087,0.454
AUTO_001267,273.810,582.154,0.482
AUTO_001268,273.334,579.259,0.466
AUTO_001269,273.956,576.842,0.719
AUTO_001270,274.712,573.747,0.369
AUTO_001271,274.208,570.717,0.476
AUTO_001272,274.609,569.256,0.325
AUTO_001273,273.763,566.415,-0.045
AUTO_001274,273.961,564.816,0.490
AUTO_001275,273.474,562.122,0.447
AUTO_001276,273.836,560.201,0.605
AUTO_001277,273.926,556.912,0.464
AUTO_001278,273.729,554.412,0.638
AUTO_001279,273.404,550.879,0.367
AUTO_001280,273.650,548.928,-0.046
AUTO_001281,274.343,545.517,-0.023
AUTO_001282,273.336,544.147,0.174
AUTO_001283,273.740,540.861,0.361
AUTO_001284,273.613,538.633,0.678
AUTO_001285,273.756,536.065,0.190
AUTO_001286,273.603,533.355,0.989
AUTO_001287,273.285,530.444,0.392
AUTO_001288,273.514,527.690,0.266
AUTO_001289,273.461,525.505,-0.421
AUTO_001290,273.404,523.650,0.760
AUTO_001291,273.124,520.615,0.314
AUTO_001292,273.702,517.665,0.162
AUTO_001293,273.642,514.534,0.155
AUTO_001294,273.623,513.140,0.139
AUTO_001295,273.440,509.730,0.309
AUTO_001296,273.384,507.635,0.382
AUTO_001297,272.540,505.259,0.605
AUTO_001298,273.053,502.823,-0.135
AUTO_001299,273.751,500.094,0.186
AUTO_001300,273.292,497.431,0.486
AUTO_001301,272.931,495.996,0.025
AUTO_001302,273.462,492.750,-0.022
AUTO_001303,273.152,489.303,0.047
AUTO_001304,272.974,488.333,0.946
AUTO_001305,273.021,484.671,0.327
AUTO_001306,273.464,482.588,0.784
AUTO_001307,273.332,478.918,0.069
AUTO_001308,273.350,476.231,0.135
AUTO_001309,273.551,474.393,-0.225
AUTO_001310,272.894,471.507,0.087
AUTO_001311,273.101,469.516,0.146
AUTO_001312,272.930,466.531,1.321
AUTO_001313,273.172,464.587,0.324
AUTO_001314,273.207,461.701,0.222
AUTO_001315,273.262,458.889,0.230
AUTO_001316,272.915,457.089,0.041
AUTO_001317,273.094,453.530,0.190
AUTO_001318,273.014,452.223,0.469
AUTO_001319,272.731,448.804,0.271
AUTO_001320,272.748,447.478,0.904
AUTO_001321,273.104,442.742,-0.013
AUTO_001322,272.502,441.089,0.766
AUTO_001323,272.434,438.365,0.744
AUTO_001324,272.738,436.284,0.193
AUTO_001325,273.309,432.889,0.761
AUTO_001326,272.220,430.945,0.394
AUTO_001327,273.018,428.138,0.341
AUTO_001328,272.635,425.133,0.518
AUTO_001329,272.717,423.268,0.567
AUTO_001330,272.304,420.335,0.934
AUTO_001331,272.373,417.647,0.735
AUTO_001332,272.500,414.459,1.077
AUTO_001333,272.097,412.279,0.209
AUTO_001334,272.079,410.471,0.655
AUTO_001335,272.060,407.748,1.108
AUTO_001336,271.576,405.367,0.511
AUTO_001337,271.708,402.141,0.617
AUTO_001338,271.432,399.802,0.443
AUTO_001339,270.971,397.297,0.583
AUTO_001340,270.634,393.947,0.067
AUTO_001341,271.101,392.621,0.667
AUTO_001342,270.522,389.457,0.865
AUTO_001343,270.798,387.263,0.749
AUTO_001344,270.800,384.419,0.163
AUTO_001345,270.072,381.550,0.294
AUTO_001346,269.864,379.452,0.758
AUTO_001347,269.643,377.608,0.976
AUTO_001348,269.899,374.901,1.196
AUTO_001349,269.810,371.511,0.742
AUTO_001350,269.364,369.337,1.234
AUTO_001351,269.357,366.491,0.619
AUTO_001352,268.933,364.421,0.980
AUTO_001353,269.057,361.187,1.005
AUTO_001354,268.731,358.997,1.015
AUTO_001355,267.769,355.788,0.675
AUTO_001356,267.979,353.814,0.795
AUTO_001357,267.860,350.944,1.189
AUTO_001358,267.600,348.147,1.068
AUTO_001359,267.240,347.329,0.879
AUTO_001360,266.441,343.843,0.632
AUTO_001361,266.047,341.117,1.197
AUTO_001362,266.424,338.910,1.495
AUTO_001363,265.108,336.260,1.576
AUTO_001364,265.319,334.205,0.813
AUTO_001365,264.532,330.425,1.334
AUTO_001366,263.846,327.576,1.623
AUTO_001367,263.191,325.097,1.372
AUTO_001368,263.525,322.912,1.420
AUTO_001369,262.209,320.617,0.892
AUTO_001370,261.998,318.382,1.147
AUTO_001371,261.811,315.701,1.263
AUTO_001372,261.245,313.539,1.282
AUTO_001373,260.500,310.564,1.164
AUTO_001374,260.414,309.266,1.650
AUTO_001375,259.583,305.743,0.687
AUTO_001376,259.525,303.499,1.810
AUTO_001377,258.531,301.888,1.068
AUTO_001378,257.822,298.909,1.537
AUTO_001379,256.935,295.922,1.205
AUTO_001380,256.405,294.109,1.461
AUTO_001381,255.409,290.708,0.949
AUTO_001382,255.155,288.165,1.226
AUTO_001383,254.001,286.171,1.876
AUTO_001384,253.522,283.228,1.392
AUTO_001385,253.148,281.432,1.015
AUTO_001386,252.575,279.088,1.731
AUTO_001387,251.195,276.243,1.809
AUTO_001388,250.866,273.644,1.573
AUTO_001389,249.481,270.815,1.738
AUTO_001390,249.488,269.114,1.970
AUTO_001391,248.570,266.415,1.368
AUTO_001392,248.001,265.044,1.731
AUTO_001393,246.792,261.820,2.100
AUTO_001394,245.441,258.974,1.490
AUTO_001395,244.517,256.546,1.585
AUTO_001396,243.962,253.562,1.111
AUTO_001397,242.576,251.824,1.639
AUTO_001398,242.092,249.173,0.948
AUTO_001399,240.665,246.390,1.152
AUTO_001400,240.465,245.015,2.127
AUTO_001401,239.020,241.671,1.346
AUTO_001402,238.592,240.883,1.536
AUTO_001403,237.430,238.449,1.260
AUTO_001404,236.317,236.445,1.584
AUTO_001405,234.886,233.163,1.542
AUTO_001406,234.109,232.023,1.157
AUTO_001407,232.797,228.808,0.868
AUTO_001408,231.043,226.259,1.164
AUTO_001409,230.361,224.077,1.404
AUTO_001410,229.728,222.695,1.251
AUTO_001411,228.127,219.896,1.529
AUTO_001412,227.199,217.552,1.327
AUTO_001413,225.614,215.263,1.369
AUTO_001414,224.702,213.422,1.133
AUTO_001415,223.354,210.654,1.279
AUTO_001416,221.974,207.860,0.955
AUTO_001417,220.860,205.680,1.596
AUTO_001418,219.679,203.815,1.579
AUTO_001419,218.012,201.598,1.504
AUTO_001420,217.117,199.354,1.421
AUTO_001421,215.142,197.286,1.883
AUTO_001422,214.790,195.314,1.293
AUTO_001423,213.583,193.355,1.324
AUTO_001424,211.572,190.858,2.251
AUTO_001425,210.083,188.550,1.518
AUTO_001426,209.208,185.985,1.032
AUTO_001427,208.288,184.393,1.546
AUTO_001428,205.879,181.668,0.854
AUTO_001429,204.661,179.329,1.449
AUTO_001430,203.054,178.093,1.621
AUTO_001431,201.055,175.255,1.623
AUTO_001432,200.296,173.718,1.134
AUTO_001433,198.218,171.027,1.315
AUTO_001434,196.691,169.628,1.324
AUTO_001435,195.337,167.085,1.102
AUTO_001436,193.048,164.736,0.291
AUTO_001437,191.679,162.282,1.150
AUTO_001438,190.694,161.099,0.963
AUTO_001439,188.698,158.844,0.548
AUTO_001440,187.705,157.388,1.157
AUTO_001441,185.690,155.126,0.808
AUTO_001442,184.158,152.318,1.124
AUTO_001443,182.151,151.118,0.422
AUTO_001444,180.966,149.561,1.069
AUTO_001445,178.989,146.118,1.011
AUTO_001446,177.780,145.853,1.357
AUTO_001447,176.050,143.171,1.158
AUTO_001448,174.696,141.959,1.137
AUTO_001449,172.456,139.428,1.413
AUTO_001450,171.392,136.957,1.362
AUTO_001451,169.509,136.001,1.820
AUTO_001452,167.895,134.041,1.138
AUTO_001453,166.039,132.677,1.636
AUTO_001454,163.722,130.282,1.104
AUTO_001455,161.612,128.484,1.370
AUTO_001456,159.670,126.023,1.069
AUTO_001457,158.373,125.306,1.160
AUTO_001458,156.248,122.982,1.345
AUTO_001459,154.715,121.586,0.900
AUTO_001460,153.116,119.366,1.421
AUTO_001461,151.218,117.817,1.517
AUTO_001462,149.099,116.516,0.958
AUTO_001463,147.054,114.019,1.532
AUTO_001464,145.226,112.589,0.605
AUTO_001465,143.625,110.700,1.174
AUTO_001466,140.961,108.928,1.036
AUTO_001467,139.825,107.724,1.589
AUTO_001468,137.491,105.922,1.231
AUTO_001469,135.732,104.912,1.589
AUTO_001470,134.092,103.135,1.890
AUTO_001471,131.804,101.281,0.724
AUTO_001472,129.468,100.212,2.088
AUTO_001473,127.998,99.197,1.271
AUTO_001474,125.448,96.768,1.830
AUTO_001475,123.295,94.984,1.514
AUTO_001476,120.946,93.453,1.209
AUTO_001477,119.736,93.007,1.336
AUTO_001478,116.547,90.506,1.570
AUTO_001479,114.348,89.597,1.093
AUTO_001480,111.599,87.978,1.445
AUTO_001481,109.786,86.177,1.374
AUTO_001482,108.102,85.352,1.232
AUTO_001483,106.151,84.532,1.016
AUTO_001484,103.853,82.484,1.109
AUTO_001485,101.550,81.468,1.047
AUTO_001486,100.013,79.677,0.346
AUTO_001487,96.521,78.021,0.791
AUTO_001488,94.782,76.508,0.816
AUTO_001489,92.268,75.448,1.143
AUTO_001490,90.637,74.676,1.007
AUTO_001491,87.129,72.381,1.520
AUTO_001492,85.409,70.775,1.228
AUTO_001493,83.401,69.948,1.348
AUTO_001494,81.251,69.067,0.926
AUTO_001495,78.301,67.458,1.134
AUTO_001496,76.422,66.668,0.767
AUTO_001497,75.107,66.074,1.039
AUTO_001498,72.459,64.878,0.458
AUTO_001499,70.208,63.603,1.315
AUTO_001500,67.106,62.354,0.673
AUTO_001501,65.502,60.585,0.815
AUTO_001502,62.857,60.075,0.979
AUTO_001503,61.098,58.796,0.303
AUTO_001504,57.909,56.973,1.050
AUTO_001505,56.055,56.637,1.306
AUTO_001506,54.822,55.494,1.081
AUTO_001507,51.700,54.248,1.114
AUTO_001508,48.521,53.005,1.214
AUTO_001509,47.397,52.415,0.464
AUTO_001510,45.332,51.227,1.177
AUTO_001511,41.472,50.105,1.485
AUTO_001512,40.025,48.953,1.746
AUTO_001513,37.938,47.626,0.952
AUTO_001514,35.882,47.233,0.633
AUTO_001515,33.178,45.730,1.347
AUTO_001516,30.864,45.131,1.518
AUTO_001517,28.281,44.540,1.559
AUTO_001518,26.389,43.477,1.619
AUTO_001519,22.994,42.623,1.098
AUTO_001520,21.005,41.536,1.348
AUTO_001521,18.584,41.931,1.616
AUTO_001522,15.719,40.257,0.926
AUTO_001523,13.697,39.394,1.579
AUTO_001524,11.513,38.701,1.789
AUTO_001525,7.710,37.396,1.396
AUTO_001526,6.236,36.563,1.127
AUTO_001527,3.711,36.258,1.564
AUTO_001528,2.386,36.067,1.916
AUTO_001529,-1.872,35.225,1.874
AUTO_001530,-4.110,34.214,1.856
AUTO_001531,-5.811,33.989,1.744
AUTO_001532,-8.753,32.652,2.015
AUTO_001533,-10.487,32.370,1.779
AUTO_001534,-13.812,32.261,1.225
AUTO_001535,-15.917,31.420,1.867
AUTO_001536,-18.643,31.521,1.329
AUTO_001537,-21.340,30.705,1.395
AUTO_001538,-24.189,30.041,1.219
AUTO_001539,-26.130,29.619,0.955
AUTO_001540,-29.014,29.796,1.160
AUTO_001541,-31.347,29.233,1.175
AUTO_001542,-34.336,29.011,1.114
AUTO_001543,-36.826,28.409,1.027
AUTO_001544,-39.573,28.101,1.320
AUTO_001545,-42.383,27.834,1.204
AUTO_001546,-43.957,27.661,1.727
AUTO_001547,-47.433,27.520,0.696
AUTO_001548,-49.295,27.415,0.876
AUTO_001549,-52.247,26.499,1.351
AUTO_001550,-54.592,26.594,1.706
AUTO_001551,-57.304,26.902,1.096
AUTO_001552,-59.855,26.442,1.220
AUTO_001553,-63.639,26.256,1.463
AUTO_001554,-64.502,26.319,0.684
AUTO_001555,-67.559,26.129,1.111
AUTO_001556,-68.896,25.327,0.732
AUTO_001557,-72.207,26.430,1.195
AUTO_001558,-74.876,25.956,1.328
AUTO_001559,-77.377,25.526,0.656
AUTO_001560,-79.405,25.407,0.819
AUTO_001561,-82.889,25.324,0.573
AUTO_001562,-85.575,25.077,0.860
AUTO_001563,-88.388,25.787,0.901
AUTO_001564,-90.789,25.966,0.562
AUTO_001565,-93.098,25.321,0.891
AUTO_001566,-94.910,26.314,1.024
AUTO_001567,-98.504,25.824,1.015
AUTO_001568,-99.839,25.135,0.675
AUTO_001569,-103.145,26.066,0.992
AUTO_001570,-106.452,25.862,1.196
AUTO_001571,-107.928,25.649,1.479
AUTO_001572,-111.237,25.407,1.261
AUTO_001573,-113.626,25.988,1.038
AUTO_001574,-116.350,26.169,1.372
AUTO_001575,-118.890,26.335,1.223
AUTO_001576,-122.075,26.689,1.018
AUTO_001577,-123.926,27.258,0.818
AUTO_001578,-126.218,26.903,0.653
AUTO_001579,-129.261,27.437,1.071
AUTO_001580,-131.698,28.085,1.432
AUTO_001581,-134.172,27.715,1.025
AUTO_001582,-137.164,28.040,0.761
AUTO_001583,-139.371,28.984,1.128
AUTO_001584,-142.084,28.796,1.140
AUTO_001585,-145.179,29.064,0.975
AUTO_001586,-146.848,29.320,0.816
AUTO_001587,-149.403,30.498,1.474
AUTO_001588,-151.704,29.976,1.548
AUTO_001589,-154.720,30.155,1.059
AUTO_001590,-156.571,31.653,1.505
AUTO_001591,-159.699,31.328,0.875
AUTO_001592,-162.269,32.442,0.822
AUTO_001593,-163.393,32.433,1.341
AUTO_001594,-166.957,33.345,0.890
AUTO_001595,-169.425,34.586,0.708
AUTO_001596,-172.080,34.271,1.202
AUTO_001597,-174.494,34.952,1.133
AUTO_001598,-176.484,35.985,1.250
AUTO_001599,-179.968,36.537,0.755
AUTO_001600,-181.504,36.556,1.438
AUTO_001601,-183.974,38.037,1.474
AUTO_001602,-185.649,37.949,0.849
AUTO_001603,-189.246,39.093,1.301
AUTO_001604,-192.069,39.540,1.133
AUTO_001605,-194.488,40.922,0.771
AUTO_001606,-195.721,40.996,1.184
AUTO_001607,-199.112,42.726,1.499
AUTO_001608,-201.971,42.908,1.629
AUTO_001609,-204.085,43.905,1.479
AUTO_001610,-206.937,44.717,1.831
AUTO_001611,-208.541,46.020,1.193
AUTO_001612,-211.231,46.301,1.016
AUTO_001613,-213.255,47.388,1.401
AUTO_001614,-216.285,48.548,0.310
AUTO_001615,-218.281,49.410,1.150
AUTO_001616,-222.033,49.930,1.580
AUTO_001617,-223.865,50.996,1.066
AUTO_001618,-226.209,51.959,0.810
AUTO_001619,-227.963,53.042,1.119
AUTO_001620,-230.426,54.108,1.199
AUTO_001621,-232.777,55.208,0.876
AUTO_001622,-235.099,55.318,0.948
AUTO_001623,-237.299,56.740,1.501
AUTO_001624,-240.282,58.645,1.449
AUTO_001625,-242.062,58.582,1.239
AUTO_001626,-244.550,59.600,1.287
AUTO_001627,-247.444,61.088,1.311
AUTO_001628,-247.596,62.026,1.229
AUTO_001629,-251.208,63.508,1.424
AUTO_001630,-254.027,64.555,1.104
AUTO_001631,-255.969,65.882,1.615
AUTO_001632,-258.730,66.988,1.532
AUTO_001633,-260.504,68.521,1.565
AUTO_001634,-262.617,69.506,1.213
AUTO_001635,-264.632,70.721,1.660
AUTO_001636,-266.937,71.921,1.063
AUTO_001637,-269.534,73.722,0.931
AUTO_001638,-272.003,74.845,0.936
AUTO_001639,-273.876,76.139,1.359
AUTO_001640,-275.877,77.717,1.202
AUTO_001641,-277.864,78.786,1.229
AUTO_001642,-281.001,81.331,1.376
AUTO_001643,-281.855,82.421,0.815
AUTO_001644,-284.406,82.722,1.249
AUTO_001645,-285.973,84.005,1.220
AUTO_001646,-289.044,86.667,1.538
AUTO_001647,-290.195,88.185,0.936
AUTO_001648,-293.118,89.408,1.643
AUTO_001649,-294.310,90.568,1.336
AUTO_001650,-295.878,91.894,0.726
AUTO_001651,-298.778,93.270,1.141
AUTO_001652,-300.629,95.515,0.509
AUTO_001653,-302.465,96.624,0.767
AUTO_001654,-304.411,97.754,0.747
AUTO_001655,-307.132,99.895,0.638
AUTO_001656,-309.551,101.317,1.068
AUTO_001657,-311.217,103.662,0.973
AUTO_001658,-313.182,104.737,0.942
AUTO_001659,-315.268,106.334,0.687
AUTO_001660,-317.185,108.222,1.434
AUTO_001661,-319.127,109.861,1.306
AUTO_001662,-321.289,111.723,0.786
AUTO_001663,-323.359,113.468,1.009
AUTO_001664,-325.043,114.871,1.211
AUTO_001665,-327.031,116.778,0.906
AUTO_001666,-328.793,118.696,1.339
AUTO_001667,-330.561,120.459,1.288
AUTO_001668,-332.469,121.854,1.372
AUTO_001669,-334.225,123.168,0.495
AUTO_001670,-336.543,126.053,0.738
AUTO_001671,-338.335,126.891,1.038
AUTO_001672,-340.563,129.057,1.246
AUTO_001673,-342.424,130.552,1.224
AUTO_001674,-343.971,132.068,1.587
AUTO_001675,-346.448,134.427,1.745
AUTO_001676,-347.432,135.169,1.204
AUTO_001677,-349.410,137.210,0.701
AUTO_001678,-351.233,138.828,1.109
AUTO_001679,-353.108,141.280,1.373
AUTO_001680,-354.936,143.159,1.304
AUTO_001681,-356.794,144.743,1.202
AUTO_001682,-358.052,147.504,1.341
AUTO_001683,-359.373,149.653,1.779
AUTO_001684,-362.005,151.562,1.685
AUTO_001685,-363.528,153.951,1.328
AUTO_001686,-363.946,155.714,1.076
AUTO_001687,-366.306,157.252,1.081
AUTO_001688,-367.970,158.841,1.105
AUTO_001689,-368.857,160.996,1.530
AUTO_001690,-370.626,163.452,0.756
AUTO_001691,-372.019,165.817,1.391
AUTO_001692,-373.919,167.322,1.573
AUTO_001693,-375.412,169.532,1.265
AUTO_001694,-376.415,171.552,1.093
AUTO_001695,-377.749,172.797,1.425
AUTO_001696,-378.722,175.658,2.019
AUTO_001697,-380.540,177.976,0.885
AUTO_001698,-382.734,180.647,1.344
AUTO_001699,-384.234,183.425,1.274
AUTO_001700,-386.352,185.752,1.351
AUTO_001701,-386.992,187.545,0.833
AUTO_001702,-388.845,190.158,1.225
AUTO_001703,-389.360,192.021,0.948
AUTO_001704,-391.188,194.423,1.203
AUTO_001705,-392.508,196.012,1.338
AUTO_001706,-393.717,198.178,1.022
AUTO_001707,-395.174,200.676,0.914
AUTO_001708,-396.054,203.368,1.040
AUTO_001709,-397.848,204.836,1.054
AUTO_001710,-399.302,207.601,1.333
AUTO_001711,-400.255,209.845,1.780
AUTO_001712,-400.991,211.183,0.893
AUTO_001713,-402.753,213.910,1.057
AUTO_001714,-403.875,216.280,1.217
AUTO_001715,-404.999,218.003,0.860
AUTO_001716,-406.857,220.343,1.479
AUTO_001717,-407.267,222.892,1.096
AUTO_001718,-408.313,225.054,1.287
AUTO_001719,-409.719,227.023,0.833
AUTO_001720,-410.568,230.049,1.688
AUTO_001721,-411.897,231.988,1.343
AUTO_001722,-413.111,234.319,1.004
AUTO_001723,-414.378,237.076,1.115
AUTO_001724,-415.393,239.994,1.760
AUTO_001725,-416.190,241.429,1.191
AUTO_001726,-417.256,243.824,0.807
AUTO_001727,-418.049,245.593,1.178
AUTO_001728,-419.583,248.129,1.230
AUTO_001729,-420.810,251.916,1.205
AUTO_001730,-421.464,252.650,1.099
AUTO_001731,-422.251,256.850,1.059
AUTO_001732,-423.273,257.831,1.090
AUTO_001733,-423.984,260.699,1.187
AUTO_001734,-424.122,263.146,1.562
AUTO_001735,-425.990,266.088,1.426
AUTO_001736,-426.309,267.409,0.869
AUTO_001737,-427.516,270.733,1.436
AUTO_001738,-428.238,271.868,0.807
AUTO_001739,-429.424,275.856,1.356
AUTO_001740,-430.472,277.604,1.370
AUTO_001741,-430.725,280.909,1.332
AUTO_001742,-431.590,281.903,1.186
AUTO_001743,-431.998,285.955,1.262
AUTO_001744,-432.588,287.456,1.385
AUTO_001745,-434.577,290.226,1.418
AUTO_001746,-434.740,293.928,1.004
AUTO_001747,-434.890,295.514,1.080
AUTO_001748,-435.461,296.806,1.048
AUTO_001749,-435.713,300.602,0.942
AUTO_001750,-436.555,302.790,1.010
AUTO_001751,-436.666,305.411,0.874
AUTO_001752,-437.381,306.956,1.042
AUTO_001753,-437.906,310.697,1.305
AUTO_001754,-438.929,312.942,1.061
AUTO_001755,-439.011,317.265,0.447
AUTO_001756,-439.744,321.010,0.823
AUTO_001757,-440.172,323.241,0.809
AUTO_001758,-440.743,325.711,0.737
AUTO_001759,-441.024,328.169,1.026
AUTO_001760,-441.322,331.132,0.863
AUTO_001761,-441.760,333.687,0.797
AUTO_001762,-442.467,335.330,0.643
AUTO_001763,-442.712,337.508,0.606
AUTO_001764,-443.105,340.891,1.084
AUTO_001765,-443.300,342.770,0.703
AUTO_001766,-443.727,346.245,0.821
AUTO_001767,-444.384,347.782,0.448
AUTO_001768,-444.637,350.129,0.893
AUTO_001769,-445.340,352.682,0.679
AUTO_001770,-445.296,356.478,0.841
AUTO_001771,-445.813,357.408,0.490
AUTO_001772,-446.498,360.887,0.454
AUTO_001773,-446.857,362.717,0.397
AUTO_001774,-447.036,365.652,0.669
AUTO_001775,-447.508,368.759,0.663
AUTO_001776,-447.399,370.768,1.375
AUTO_001777,-448.151,373.990,0.464
AUTO_001778,-447.922,376.546,0.380
AUTO_001779,-448.486,378.832,0.155
AUTO_001780,-449.188,381.006,1.165
AUTO_001781,-448.470,384.070,0.626
AUTO_001782,-448.642,386.313,0.781
AUTO_001783,-448.971,388.917,0.363
AUTO_001784,-449.376,391.464,0.679
AUTO_001785,-449.462,393.937,1.081
AUTO_001786,-449.895,397.162,0.369
AUTO_001787,-449.612,399.615,1.004
AUTO_001788,-450.219,402.062,0.407
AUTO_001789,-450.145,404.716,0.045
AUTO_001790,-450.537,406.821,0.223
AUTO_001791,-450.981,409.481,0.369
AUTO_001792,-451.258,412.392,0.665
AUTO_001793,-450.926,413.917,0.178
AUTO_001794,-451.293,417.356,0.073
AUTO_001795,-450.829,419.848,0.875
AUTO_001796,-451.336,422.545,0.219
AUTO_001797,-451.655,424.868,0.318
AUTO_001798,-451.544,427.702,0.455
AUTO_001799,-452.085,430.072,0.291
AUTO_001800,-451.484,431.807,0.276
AUTO_001801,-452.028,435.398,0.907
AUTO_001802,-451.511,438.020,0.540
AUTO_001803,-451.955,440.244,0.179
AUTO_001804,-451.832,442.223,0.350
AUTO_001805,-451.960,445.894,0.439
AUTO_001806,-452.590,447.679,0.138
AUTO_001807,-452.095,450.590,0.318
AUTO_001808,-452.300,452.306,0.308
AUTO_001809,-452.878,455.865,0.512
AUTO_001810,-452.682,457.805,0.049
AUTO_001811,-452.779,461.047,0.762
AUTO_001812,-452.434,461.860,-0.051
AUTO_001813,-452.436,466.061,0.371
AUTO_001814,-452.837,468.496,0.410
AUTO_001815,-452.264,471.259,0.280
AUTO_001816,-453.159,474.270,0.478
AUTO_001817,-452.676,476.749,0.663
AUTO_001818,-453.009,478.019,0.132
AUTO_001819,-452.357,481.126,0.267
AUTO_001820,-453.490,483.048,0.508
AUTO_001821,-453.141,486.604,0.176
AUTO_001822,-453.518,491.562,0.766
AUTO_001823,-453.227,493.089,-0.203
AUTO_001824,-453.550,497.238,0.049
AUTO_001825,-453.547,502.761,0.211
AUTO_001826,-453.565,504.026,0.192
AUTO_001827,-453.535,507.414,0.721
AUTO_001828,-453.433,508.920,-0.017
AUTO_001829,-453.438,513.235,0.400
AUTO_001830,-453.256,514.458,0.596
AUTO_001831,-453.482,517.011,0.828
AUTO_001832,-453.891,519.639,-0.011
AUTO_001833,-452.931,521.932,0.319
AUTO_001834,-453.181,524.995,0.072
AUTO_001835,-453.575,527.881,-0.269
AUTO_001836,-453.259,529.446,0.630
AUTO_001837,-453.375,532.261,0.031
AUTO_001838,-452.860,534.503,-0.068
AUTO_001839,-453.395,537.223,0.662
AUTO_001840,-452.841,539.529,-0.031
AUTO_001841,-452.977,543.350,0.483
AUTO_001842,-453.400,544.814,0.472
AUTO_001843,-453.064,547.840,-0.101
AUTO_001844,-453.317,550.051,0.226
AUTO_001845,-452.853,553.022,-0.249
AUTO_001846,-453.134,555.081,0.535
AUTO_001847,-453.487,558.105,0.181
AUTO_001848,-452.976,560.480,0.081
AUTO_001849,-453.687,563.446,0.187
AUTO_001850,-453.239,565.247,0.598
AUTO_001851,-454.095,568.763,0.814
AUTO_001852,-453.317,570.242,0.332
AUTO_001853,-453.762,573.820,0.811
AUTO_001854,-453.182,576.399,0.174
AUTO_001855,-453.533,579.319,0.024
AUTO_001856,-454.124,580.752,0.141
AUTO_001857,-453.760,584.555,0.391
AUTO_001858,-453.396,585.609,-0.026
AUTO_001859,-454.346,589.404,0.221
AUTO_001860,-453.992,590.945,0.458
AUTO_001861,-453.879,594.297,0.225
AUTO_001862,-454.575,597.431,0.097
AUTO_001863,-454.477,600.288,-0.082
AUTO_001864,-454.617,601.958,0.550
AUTO_001865,-454.191,604.901,0.401
AUTO_001866,-454.904,606.982,-0.022
AUTO_001867,-454.595,609.596,-0.054
AUTO_001868,-454.787,611.556,0.239
AUTO_001869,-455.091,614.972,-0.089
AUTO_001870,-454.688,617.895,-0.053
AUTO_001871,-455.040,619.909,0.370
AUTO_001872,-454.859,622.246,-0.048
AUTO_001873,-455.389,625.447,0.444
AUTO_001874,-454.473,627.606,0.221
AUTO_001875,-455.354,630.004,0.455
AUTO_001876,-455.086,631.796,-0.231
AUTO_001877,-455.264,634.755,0.583
AUTO_001878,-454.747,637.386,0.697
AUTO_001879,-455.153,640.466,0.131
AUTO_001880,-455.937,642.601,0.497
AUTO_001881,-455.217,644.797,0.185
AUTO_001882,-455.733,648.594,0.356
AUTO_001883,-455.187,650.514,0.287
AUTO_001884,-455.172,654.485,0.053
AUTO_001885,-455.988,655.152,0.133
AUTO_001886,-455.721,658.666,0.718
AUTO_001887,-456.159,661.298,0.216
AUTO_001888,-455.935,663.694,0.255
AUTO_001889,-455.515,666.031,0.413
AUTO_001890,-455.904,668.686,0.106
AUTO_001891,-456.011,671.582,0.181
AUTO_001892,-456.502,673.710,0.228
AUTO_001893,-456.026,675.478,0.095
AUTO_001894,-455.570,679.312,-0.077
AUTO_001895,-455.729,681.160,0.727
AUTO_001896,-456.052,684.166,0.894
AUTO_001897,-455.831,686.909,-0.267
AUTO_001898,-455.655,689.247,0.112
AUTO_001899,-456.358,691.732,0.811
AUTO_001900,-455.874,694.566,0.279
AUTO_001901,-456.167,695.737,0.801
AUTO_001902,-456.218,699.566,0.461
AUTO_001903,-455.557,702.172,0.453
AUTO_001904,-456.269,703.906,0.146
AUTO_001905,-455.715,707.565,0.332
AUTO_001906,-456.078,709.698,0.317
AUTO_001907,-456.242,712.099,0.122
AUTO_001908,-456.316,714.812,0.371
AUTO_001909,-456.285,717.273,0.655
AUTO_001910,-456.228,720.619,0.576
AUTO_001911,-456.263,722.905,0.616
AUTO_001912,-455.757,725.291,0.302
AUTO_001913,-456.373,727.455,0.803
AUTO_001914,-456.302,729.747,0.280
AUTO_001915,-456.220,732.032,0.262
AUTO_001916,-456.556,735.377,-0.029
AUTO_001917,-456.109,737.719,-0.245
AUTO_001918,-456.609,741.038,0.022
AUTO_001919,-456.563,743.095,0.275
AUTO_001920,-456.532,746.722,0.427
AUTO_001921,-456.222,747.602,0.132
AUTO_001922,-456.373,750.543,-0.001
AUTO_001923,-456.477,753.013,-0.230
AUTO_001924,-456.277,755.514,-0.324
AUTO_001925,-456.309,758.185,0.002
AUTO_001926,-456.997,761.146,-0.238
AUTO_001927,-456.817,764.080,0.803
AUTO_001928,-456.631,766.189,0.110
AUTO_001929,-456.374,768.550,0.115
AUTO_001930,-456.596,771.365,-0.191
AUTO_001931,-456.977,773.799,0.260
AUTO_001932,-456.835,776.758,0.841
AUTO_001933,-456.834,778.473,0.958
AUTO_001934,-456.956,781.412,0.113
AUTO_001935,-457.017,783.643,0.516
AUTO_001936,-457.461,786.146,0.316
AUTO_001937,-456.295,789.646,0.554
AUTO_001938,-456.692,791.784,0.713
AUTO_001939,-456.279,794.134,-0.120
AUTO_001940,-456.738,796.907,0.515
AUTO_001941,-456.768,799.475,0.355
AUTO_001942,-456.828,802.012,0.267
AUTO_001943,-457.252,805.066,0.452
AUTO_001944,-456.498,807.172,0.167
AUTO_001945,-456.622,808.422,0.494
AUTO_001946,-457.023,812.206,0.477
AUTO_001947,-456.726,814.996,0.528
AUTO_001948,-457.233,816.934,0.914
AUTO_001949,-456.993,820.643,0.297
AUTO_001950,-457.350,822.441,0.668
AUTO_001951,-457.177,824.128,0.685
AUTO_001952,-457.532,827.757,-0.391
AUTO_001953,-457.078,829.066,0.331
AUTO_001954,-456.440,832.916,0.332
AUTO_001955,-456.751,835.700,0.476
AUTO_001956,-457.170,838.054,-0.013
AUTO_001957,-456.916,839.758,-0.096
AUTO_001958,-457.259,842.666,0.706
AUTO_001959,-457.173,845.635,0.991
AUTO_001960,-457.151,848.630,0.058
AUTO_001961,-457.472,849.746,-0.068
AUTO_001962,-457.242,852.667,-0.107
AUTO_001963,-456.852,855.113,0.196
AUTO_001964,-456.857,858.720,0.673
AUTO_001965,-457.473,860.463,0.070
AUTO_001966,-457.489,863.144,0.304
AUTO_001967,-457.413,864.903,0.431
AUTO_001968,-457.751,868.634,0.530
AUTO_001969,-456.968,869.886,0.352
AUTO_001970,-457.541,874.351,-0.237
AUTO_001971,-456.878,875.365,0.518
AUTO_001972,-457.438,878.634,0.634
AUTO_001973,-457.420,881.938,0.166
AUTO_001974,-457.091,882.839,0.472
AUTO_001975,-457.411,887.043,0.074
AUTO_001976,-457.183,888.872,0.546
AUTO_001977,-457.625,892.601,0.441
AUTO_001978,-457.153,894.084,1.151
AUTO_001979,-457.098,896.810,-0.098
AUTO_001980,-456.936,899.907,0.187
AUTO_001981,-457.444,901.823,0.279
AUTO_001982,-457.591,904.115,0.319
AUTO_001983,-457.422,906.936,0.326
AUTO_001984,-457.509,909.610,-0.082
AUTO_001985,-457.682,912.424,0.141
AUTO_001986,-457.375,914.912,0.130
AUTO_001987,-457.113,917.158,0.704
AUTO_001988,-457.364,920.277,0.794
AUTO_001989,-457.181,922.599,0.387
AUTO_001990,-457.782,925.559,0.236
AUTO_001991,-458.084,927.581,0.302
AUTO_001992,-457.321,930.179,0.220
AUTO_001993,-458.089,932.575,0.357
AUTO_001994,-458.037,935.298,0.013
AUTO_001995,-457.485,938.200,0.066
AUTO_001996,-457.498,940.497,0.309
AUTO_001997,-457.750,942.975,0.148
AUTO_001998,-457.625,945.317,0.134
AUTO_001999,-457.937,948.243,0.308
AUTO_002000,-457.616,950.722,-0.083
AUTO_002001,-458.255,953.386,0.525
AUTO_002002,-457.571,955.058,-0.221
AUTO_002003,-458.076,959.034,0.168
AUTO_002004,-457.624,960.874,0.014
AUTO_002005,-458.071,963.874,-0.030
AUTO_002006,-457.955,966.760,0.753
AUTO_002007,-457.799,968.807,0.456
AUTO_002008,-458.306,971.041,-0.010
AUTO_002009,-457.798,973.768,0.579
AUTO_002010,-458.477,976.773,0.336
AUTO_002011,-457.720,979.469,0.165
AUTO_002012,-458.034,980.933,-0.107
AUTO_002013,-457.768,985.147,0.474
AUTO_002014,-456.919,986.425,0.197
AUTO_002015,-457.683,989.239,-0.053
AUTO_002016,-457.735,992.519,0.738
AUTO_002017,-457.663,994.126,0.230
AUTO_002018,-457.265,996.346,0.373
AUTO_002019,-457.135,999.327,0.227